ID,url_to_survey,confirmation_code,video_description,batch
1,https://arousal.vercel.app/arousal1.html,EM7K2X9Q,CAY_R91_V1 (24s),batch_001
2,https://arousal.vercel.app/arousal1.html,EM7K2X9Q,CAY_R91_V1 (24s),batch_002
3,https://arousal.vercel.app/arousal1.html,EM7K2X9Q,CAY_R91_V1 (24s),batch_003
4,https://arousal.vercel.app/arousal1.html,EM7K2X9Q,CAY_R91_V1 (24s),batch_004
5,https://arousal.vercel.app/arousal1.html,EM7K2X9Q,CAY_R91_V1 (24s),batch_005
6,https://arousal.vercel.app/arousal1.html,EM7K2X9Q,CAY_R91_V1 (24s),batch_006
7,https://arousal.vercel.app/arousal1.html,EM7K2X9Q,CAY_R91_V1 (24s),batch_007
8,https://arousal.vercel.app/arousal1.html,EM7K2X9Q,CAY_R91_V1 (24s),batch_008
9,https://arousal.vercel.app/arousal1.html,EM7K2X9Q,CAY_R91_V1 (24s),batch_009
10,https://arousal.vercel.app/arousal1.html,EM7K2X9Q,CAY_R91_V1 (24s),batch_010
11,https://arousal.vercel.app/arousal1.html,EM7K2X9Q,CAY_R91_V1 (24s),batch_011
12,https://arousal.vercel.app/arousal1.html,EM7K2X9Q,CAY_R91_V1 (24s),batch_012
13,https://arousal.vercel.app/arousal1.html,EM7K2X9Q,CAY_R91_V1 (24s),batch_013
14,https://arousal.vercel.app/arousal1.html,EM7K2X9Q,CAY_R91_V1 (24s),batch_014
15,https://arousal.vercel.app/arousal1.html,EM7K2X9Q,CAY_R91_V1 (24s),batch_015
16,https://arousal.vercel.app/arousal1.html,EM7K2X9Q,CAY_R91_V1 (24s),batch_016
17,https://arousal.vercel.app/arousal1.html,EM7K2X9Q,CAY_R91_V1 (24s),batch_017
18,https://arousal.vercel.app/arousal1.html,EM7K2X9Q,CAY_R91_V1 (24s),batch_018
19,https://arousal.vercel.app/arousal1.html,EM7K2X9Q,CAY_R91_V1 (24s),batch_019
20,https://arousal.vercel.app/arousal1.html,EM7K2X9Q,CAY_R91_V1 (24s),batch_020
21,https://arousal.vercel.app/arousal1.html,EM7K2X9Q,CAY_R91_V1 (24s),batch_021
22,https://arousal.vercel.app/arousal1.html,EM7K2X9Q,CAY_R91_V1 (24s),batch_022
23,https://arousal.vercel.app/arousal1.html,EM7K2X9Q,CAY_R91_V1 (24s),batch_023
24,https://arousal.vercel.app/arousal1.html,EM7K2X9Q,CAY_R91_V1 (24s),batch_024
25,https://arousal.vercel.app/arousal1.html,EM7K2X9Q,CAY_R91_V1 (24s),batch_025
26,https://arousal.vercel.app/arousal1.html,EM7K2X9Q,CAY_R91_V1 (24s),batch_026
27,https://arousal.vercel.app/arousal1.html,EM7K2X9Q,CAY_R91_V1 (24s),batch_027
28,https://arousal.vercel.app/arousal1.html,EM7K2X9Q,CAY_R91_V1 (24s),batch_028
29,https://arousal.vercel.app/arousal1.html,EM7K2X9Q,CAY_R91_V1 (24s),batch_029
30,https://arousal.vercel.app/arousal1.html,EM7K2X9Q,CAY_R91_V1 (24s),batch_030
31,https://arousal.vercel.app/arousal1.html,EM7K2X9Q,CAY_R91_V1 (24s),batch_031
32,https://arousal.vercel.app/arousal1.html,EM7K2X9Q,CAY_R91_V1 (24s),batch_032
33,https://arousal.vercel.app/arousal1.html,EM7K2X9Q,CAY_R91_V1 (24s),batch_033
34,https://arousal.vercel.app/arousal1.html,EM7K2X9Q,CAY_R91_V1 (24s),batch_034
35,https://arousal.vercel.app/arousal1.html,EM7K2X9Q,CAY_R91_V1 (24s),batch_035
36,https://arousal.vercel.app/arousal1.html,EM7K2X9Q,CAY_R91_V1 (24s),batch_036
37,https://arousal.vercel.app/arousal1.html,EM7K2X9Q,CAY_R91_V1 (24s),batch_037
38,https://arousal.vercel.app/arousal1.html,EM7K2X9Q,CAY_R91_V1 (24s),batch_038
39,https://arousal.vercel.app/arousal1.html,EM7K2X9Q,CAY_R91_V1 (24s),batch_039
40,https://arousal.vercel.app/arousal1.html,EM7K2X9Q,CAY_R91_V1 (24s),batch_040
41,https://arousal.vercel.app/arousal1.html,EM7K2X9Q,CAY_R91_V1 (24s),batch_041
42,https://arousal.vercel.app/arousal1.html,EM7K2X9Q,CAY_R91_V1 (24s),batch_042
43,https://arousal.vercel.app/arousal1.html,EM7K2X9Q,CAY_R91_V1 (24s),batch_043
44,https://arousal.vercel.app/arousal1.html,EM7K2X9Q,CAY_R91_V1 (24s),batch_044
45,https://arousal.vercel.app/arousal1.html,EM7K2X9Q,CAY_R91_V1 (24s),batch_045
46,https://arousal.vercel.app/arousal1.html,EM7K2X9Q,CAY_R91_V1 (24s),batch_046
47,https://arousal.vercel.app/arousal1.html,EM7K2X9Q,CAY_R91_V1 (24s),batch_047
48,https://arousal.vercel.app/arousal1.html,EM7K2X9Q,CAY_R91_V1 (24s),batch_048
49,https://arousal.vercel.app/arousal1.html,EM7K2X9Q,CAY_R91_V1 (24s),batch_049
50,https://arousal.vercel.app/arousal1.html,EM7K2X9Q,CAY_R91_V1 (24s),batch_050
51,https://arousal.vercel.app/arousal2.html,B4N6P8R1,CAY_C2_V2 (36s),batch_051
52,https://arousal.vercel.app/arousal2.html,B4N6P8R1,CAY_C2_V2 (36s),batch_052
53,https://arousal.vercel.app/arousal2.html,B4N6P8R1,CAY_C2_V2 (36s),batch_053
54,https://arousal.vercel.app/arousal2.html,B4N6P8R1,CAY_C2_V2 (36s),batch_054
55,https://arousal.vercel.app/arousal2.html,B4N6P8R1,CAY_C2_V2 (36s),batch_055
56,https://arousal.vercel.app/arousal2.html,B4N6P8R1,CAY_C2_V2 (36s),batch_056
57,https://arousal.vercel.app/arousal2.html,B4N6P8R1,CAY_C2_V2 (36s),batch_057
58,https://arousal.vercel.app/arousal2.html,B4N6P8R1,CAY_C2_V2 (36s),batch_058
59,https://arousal.vercel.app/arousal2.html,B4N6P8R1,CAY_C2_V2 (36s),batch_059
60,https://arousal.vercel.app/arousal2.html,B4N6P8R1,CAY_C2_V2 (36s),batch_060
61,https://arousal.vercel.app/arousal2.html,B4N6P8R1,CAY_C2_V2 (36s),batch_061
62,https://arousal.vercel.app/arousal2.html,B4N6P8R1,CAY_C2_V2 (36s),batch_062
63,https://arousal.vercel.app/arousal2.html,B4N6P8R1,CAY_C2_V2 (36s),batch_063
64,https://arousal.vercel.app/arousal2.html,B4N6P8R1,CAY_C2_V2 (36s),batch_064
65,https://arousal.vercel.app/arousal2.html,B4N6P8R1,CAY_C2_V2 (36s),batch_065
66,https://arousal.vercel.app/arousal2.html,B4N6P8R1,CAY_C2_V2 (36s),batch_066
67,https://arousal.vercel.app/arousal2.html,B4N6P8R1,CAY_C2_V2 (36s),batch_067
68,https://arousal.vercel.app/arousal2.html,B4N6P8R1,CAY_C2_V2 (36s),batch_068
69,https://arousal.vercel.app/arousal2.html,B4N6P8R1,CAY_C2_V2 (36s),batch_069
70,https://arousal.vercel.app/arousal2.html,B4N6P8R1,CAY_C2_V2 (36s),batch_070
71,https://arousal.vercel.app/arousal2.html,B4N6P8R1,CAY_C2_V2 (36s),batch_071
72,https://arousal.vercel.app/arousal2.html,B4N6P8R1,CAY_C2_V2 (36s),batch_072
73,https://arousal.vercel.app/arousal2.html,B4N6P8R1,CAY_C2_V2 (36s),batch_073
74,https://arousal.vercel.app/arousal2.html,B4N6P8R1,CAY_C2_V2 (36s),batch_074
75,https://arousal.vercel.app/arousal2.html,B4N6P8R1,CAY_C2_V2 (36s),batch_075
76,https://arousal.vercel.app/arousal2.html,B4N6P8R1,CAY_C2_V2 (36s),batch_076
77,https://arousal.vercel.app/arousal2.html,B4N6P8R1,CAY_C2_V2 (36s),batch_077
78,https://arousal.vercel.app/arousal2.html,B4N6P8R1,CAY_C2_V2 (36s),batch_078
79,https://arousal.vercel.app/arousal2.html,B4N6P8R1,CAY_C2_V2 (36s),batch_079
80,https://arousal.vercel.app/arousal2.html,B4N6P8R1,CAY_C2_V2 (36s),batch_080
81,https://arousal.vercel.app/arousal2.html,B4N6P8R1,CAY_C2_V2 (36s),batch_081
82,https://arousal.vercel.app/arousal2.html,B4N6P8R1,CAY_C2_V2 (36s),batch_082
83,https://arousal.vercel.app/arousal2.html,B4N6P8R1,CAY_C2_V2 (36s),batch_083
84,https://arousal.vercel.app/arousal2.html,B4N6P8R1,CAY_C2_V2 (36s),batch_084
85,https://arousal.vercel.app/arousal2.html,B4N6P8R1,CAY_C2_V2 (36s),batch_085
86,https://arousal.vercel.app/arousal2.html,B4N6P8R1,CAY_C2_V2 (36s),batch_086
87,https://arousal.vercel.app/arousal2.html,B4N6P8R1,CAY_C2_V2 (36s),batch_087
88,https://arousal.vercel.app/arousal2.html,B4N6P8R1,CAY_C2_V2 (36s),batch_088
89,https://arousal.vercel.app/arousal2.html,B4N6P8R1,CAY_C2_V2 (36s),batch_089
90,https://arousal.vercel.app/arousal2.html,B4N6P8R1,CAY_C2_V2 (36s),batch_090
91,https://arousal.vercel.app/arousal2.html,B4N6P8R1,CAY_C2_V2 (36s),batch_091
92,https://arousal.vercel.app/arousal2.html,B4N6P8R1,CAY_C2_V2 (36s),batch_092
93,https://arousal.vercel.app/arousal2.html,B4N6P8R1,CAY_C2_V2 (36s),batch_093
94,https://arousal.vercel.app/arousal2.html,B4N6P8R1,CAY_C2_V2 (36s),batch_094
95,https://arousal.vercel.app/arousal2.html,B4N6P8R1,CAY_C2_V2 (36s),batch_095
96,https://arousal.vercel.app/arousal2.html,B4N6P8R1,CAY_C2_V2 (36s),batch_096
97,https://arousal.vercel.app/arousal2.html,B4N6P8R1,CAY_C2_V2 (36s),batch_097
98,https://arousal.vercel.app/arousal2.html,B4N6P8R1,CAY_C2_V2 (36s),batch_098
99,https://arousal.vercel.app/arousal2.html,B4N6P8R1,CAY_C2_V2 (36s),batch_099
100,https://arousal.vercel.app/arousal2.html,B4N6P8R1,CAY_C2_V2 (36s),batch_100
101,https://arousal.vercel.app/arousal3.html,Y3M7C5W9,CAY_C31_V4 (28s),batch_101
102,https://arousal.vercel.app/arousal3.html,Y3M7C5W9,CAY_C31_V4 (28s),batch_102
103,https://arousal.vercel.app/arousal3.html,Y3M7C5W9,CAY_C31_V4 (28s),batch_103
104,https://arousal.vercel.app/arousal3.html,Y3M7C5W9,CAY_C31_V4 (28s),batch_104
105,https://arousal.vercel.app/arousal3.html,Y3M7C5W9,CAY_C31_V4 (28s),batch_105
106,https://arousal.vercel.app/arousal3.html,Y3M7C5W9,CAY_C31_V4 (28s),batch_106
107,https://arousal.vercel.app/arousal3.html,Y3M7C5W9,CAY_C31_V4 (28s),batch_107
108,https://arousal.vercel.app/arousal3.html,Y3M7C5W9,CAY_C31_V4 (28s),batch_108
109,https://arousal.vercel.app/arousal3.html,Y3M7C5W9,CAY_C31_V4 (28s),batch_109
110,https://arousal.vercel.app/arousal3.html,Y3M7C5W9,CAY_C31_V4 (28s),batch_110
111,https://arousal.vercel.app/arousal3.html,Y3M7C5W9,CAY_C31_V4 (28s),batch_111
112,https://arousal.vercel.app/arousal3.html,Y3M7C5W9,CAY_C31_V4 (28s),batch_112
113,https://arousal.vercel.app/arousal3.html,Y3M7C5W9,CAY_C31_V4 (28s),batch_113
114,https://arousal.vercel.app/arousal3.html,Y3M7C5W9,CAY_C31_V4 (28s),batch_114
115,https://arousal.vercel.app/arousal3.html,Y3M7C5W9,CAY_C31_V4 (28s),batch_115
116,https://arousal.vercel.app/arousal3.html,Y3M7C5W9,CAY_C31_V4 (28s),batch_116
117,https://arousal.vercel.app/arousal3.html,Y3M7C5W9,CAY_C31_V4 (28s),batch_117
118,https://arousal.vercel.app/arousal3.html,Y3M7C5W9,CAY_C31_V4 (28s),batch_118
119,https://arousal.vercel.app/arousal3.html,Y3M7C5W9,CAY_C31_V4 (28s),batch_119
120,https://arousal.vercel.app/arousal3.html,Y3M7C5W9,CAY_C31_V4 (28s),batch_120
121,https://arousal.vercel.app/arousal3.html,Y3M7C5W9,CAY_C31_V4 (28s),batch_121
122,https://arousal.vercel.app/arousal3.html,Y3M7C5W9,CAY_C31_V4 (28s),batch_122
123,https://arousal.vercel.app/arousal3.html,Y3M7C5W9,CAY_C31_V4 (28s),batch_123
124,https://arousal.vercel.app/arousal3.html,Y3M7C5W9,CAY_C31_V4 (28s),batch_124
125,https://arousal.vercel.app/arousal3.html,Y3M7C5W9,CAY_C31_V4 (28s),batch_125
126,https://arousal.vercel.app/arousal3.html,Y3M7C5W9,CAY_C31_V4 (28s),batch_126
127,https://arousal.vercel.app/arousal3.html,Y3M7C5W9,CAY_C31_V4 (28s),batch_127
128,https://arousal.vercel.app/arousal3.html,Y3M7C5W9,CAY_C31_V4 (28s),batch_128
129,https://arousal.vercel.app/arousal3.html,Y3M7C5W9,CAY_C31_V4 (28s),batch_129
130,https://arousal.vercel.app/arousal3.html,Y3M7C5W9,CAY_C31_V4 (28s),batch_130
131,https://arousal.vercel.app/arousal3.html,Y3M7C5W9,CAY_C31_V4 (28s),batch_131
132,https://arousal.vercel.app/arousal3.html,Y3M7C5W9,CAY_C31_V4 (28s),batch_132
133,https://arousal.vercel.app/arousal3.html,Y3M7C5W9,CAY_C31_V4 (28s),batch_133
134,https://arousal.vercel.app/arousal3.html,Y3M7C5W9,CAY_C31_V4 (28s),batch_134
135,https://arousal.vercel.app/arousal3.html,Y3M7C5W9,CAY_C31_V4 (28s),batch_135
136,https://arousal.vercel.app/arousal3.html,Y3M7C5W9,CAY_C31_V4 (28s),batch_136
137,https://arousal.vercel.app/arousal3.html,Y3M7C5W9,CAY_C31_V4 (28s),batch_137
138,https://arousal.vercel.app/arousal3.html,Y3M7C5W9,CAY_C31_V4 (28s),batch_138
139,https://arousal.vercel.app/arousal3.html,Y3M7C5W9,CAY_C31_V4 (28s),batch_139
140,https://arousal.vercel.app/arousal3.html,Y3M7C5W9,CAY_C31_V4 (28s),batch_140
141,https://arousal.vercel.app/arousal3.html,Y3M7C5W9,CAY_C31_V4 (28s),batch_141
142,https://arousal.vercel.app/arousal3.html,Y3M7C5W9,CAY_C31_V4 (28s),batch_142
143,https://arousal.vercel.app/arousal3.html,Y3M7C5W9,CAY_C31_V4 (28s),batch_143
144,https://arousal.vercel.app/arousal3.html,Y3M7C5W9,CAY_C31_V4 (28s),batch_144
145,https://arousal.vercel.app/arousal3.html,Y3M7C5W9,CAY_C31_V4 (28s),batch_145
146,https://arousal.vercel.app/arousal3.html,Y3M7C5W9,CAY_C31_V4 (28s),batch_146
147,https://arousal.vercel.app/arousal3.html,Y3M7C5W9,CAY_C31_V4 (28s),batch_147
148,https://arousal.vercel.app/arousal3.html,Y3M7C5W9,CAY_C31_V4 (28s),batch_148
149,https://arousal.vercel.app/arousal3.html,Y3M7C5W9,CAY_C31_V4 (28s),batch_149
150,https://arousal.vercel.app/arousal3.html,Y3M7C5W9,CAY_C31_V4 (28s),batch_150
151,https://arousal.vercel.app/arousal4.html,Q8T2V6K4,CAY_C38_V3 (28s),batch_151
152,https://arousal.vercel.app/arousal4.html,Q8T2V6K4,CAY_C38_V3 (28s),batch_152
153,https://arousal.vercel.app/arousal4.html,Q8T2V6K4,CAY_C38_V3 (28s),batch_153
154,https://arousal.vercel.app/arousal4.html,Q8T2V6K4,CAY_C38_V3 (28s),batch_154
155,https://arousal.vercel.app/arousal4.html,Q8T2V6K4,CAY_C38_V3 (28s),batch_155
156,https://arousal.vercel.app/arousal4.html,Q8T2V6K4,CAY_C38_V3 (28s),batch_156
157,https://arousal.vercel.app/arousal4.html,Q8T2V6K4,CAY_C38_V3 (28s),batch_157
158,https://arousal.vercel.app/arousal4.html,Q8T2V6K4,CAY_C38_V3 (28s),batch_158
159,https://arousal.vercel.app/arousal4.html,Q8T2V6K4,CAY_C38_V3 (28s),batch_159
160,https://arousal.vercel.app/arousal4.html,Q8T2V6K4,CAY_C38_V3 (28s),batch_160
161,https://arousal.vercel.app/arousal4.html,Q8T2V6K4,CAY_C38_V3 (28s),batch_161
162,https://arousal.vercel.app/arousal4.html,Q8T2V6K4,CAY_C38_V3 (28s),batch_162
163,https://arousal.vercel.app/arousal4.html,Q8T2V6K4,CAY_C38_V3 (28s),batch_163
164,https://arousal.vercel.app/arousal4.html,Q8T2V6K4,CAY_C38_V3 (28s),batch_164
165,https://arousal.vercel.app/arousal4.html,Q8T2V6K4,CAY_C38_V3 (28s),batch_165
166,https://arousal.vercel.app/arousal4.html,Q8T2V6K4,CAY_C38_V3 (28s),batch_166
167,https://arousal.vercel.app/arousal4.html,Q8T2V6K4,CAY_C38_V3 (28s),batch_167
168,https://arousal.vercel.app/arousal4.html,Q8T2V6K4,CAY_C38_V3 (28s),batch_168
169,https://arousal.vercel.app/arousal4.html,Q8T2V6K4,CAY_C38_V3 (28s),batch_169
170,https://arousal.vercel.app/arousal4.html,Q8T2V6K4,CAY_C38_V3 (28s),batch_170
171,https://arousal.vercel.app/arousal4.html,Q8T2V6K4,CAY_C38_V3 (28s),batch_171
172,https://arousal.vercel.app/arousal4.html,Q8T2V6K4,CAY_C38_V3 (28s),batch_172
173,https://arousal.vercel.app/arousal4.html,Q8T2V6K4,CAY_C38_V3 (28s),batch_173
174,https://arousal.vercel.app/arousal4.html,Q8T2V6K4,CAY_C38_V3 (28s),batch_174
175,https://arousal.vercel.app/arousal4.html,Q8T2V6K4,CAY_C38_V3 (28s),batch_175
176,https://arousal.vercel.app/arousal4.html,Q8T2V6K4,CAY_C38_V3 (28s),batch_176
177,https://arousal.vercel.app/arousal4.html,Q8T2V6K4,CAY_C38_V3 (28s),batch_177
178,https://arousal.vercel.app/arousal4.html,Q8T2V6K4,CAY_C38_V3 (28s),batch_178
179,https://arousal.vercel.app/arousal4.html,Q8T2V6K4,CAY_C38_V3 (28s),batch_179
180,https://arousal.vercel.app/arousal4.html,Q8T2V6K4,CAY_C38_V3 (28s),batch_180
181,https://arousal.vercel.app/arousal4.html,Q8T2V6K4,CAY_C38_V3 (28s),batch_181
182,https://arousal.vercel.app/arousal4.html,Q8T2V6K4,CAY_C38_V3 (28s),batch_182
183,https://arousal.vercel.app/arousal4.html,Q8T2V6K4,CAY_C38_V3 (28s),batch_183
184,https://arousal.vercel.app/arousal4.html,Q8T2V6K4,CAY_C38_V3 (28s),batch_184
185,https://arousal.vercel.app/arousal4.html,Q8T2V6K4,CAY_C38_V3 (28s),batch_185
186,https://arousal.vercel.app/arousal4.html,Q8T2V6K4,CAY_C38_V3 (28s),batch_186
187,https://arousal.vercel.app/arousal4.html,Q8T2V6K4,CAY_C38_V3 (28s),batch_187
188,https://arousal.vercel.app/arousal4.html,Q8T2V6K4,CAY_C38_V3 (28s),batch_188
189,https://arousal.vercel.app/arousal4.html,Q8T2V6K4,CAY_C38_V3 (28s),batch_189
190,https://arousal.vercel.app/arousal4.html,Q8T2V6K4,CAY_C38_V3 (28s),batch_190
191,https://arousal.vercel.app/arousal4.html,Q8T2V6K4,CAY_C38_V3 (28s),batch_191
192,https://arousal.vercel.app/arousal4.html,Q8T2V6K4,CAY_C38_V3 (28s),batch_192
193,https://arousal.vercel.app/arousal4.html,Q8T2V6K4,CAY_C38_V3 (28s),batch_193
194,https://arousal.vercel.app/arousal4.html,Q8T2V6K4,CAY_C38_V3 (28s),batch_194
195,https://arousal.vercel.app/arousal4.html,Q8T2V6K4,CAY_C38_V3 (28s),batch_195
196,https://arousal.vercel.app/arousal4.html,Q8T2V6K4,CAY_C38_V3 (28s),batch_196
197,https://arousal.vercel.app/arousal4.html,Q8T2V6K4,CAY_C38_V3 (28s),batch_197
198,https://arousal.vercel.app/arousal4.html,Q8T2V6K4,CAY_C38_V3 (28s),batch_198
199,https://arousal.vercel.app/arousal4.html,Q8T2V6K4,CAY_C38_V3 (28s),batch_199
200,https://arousal.vercel.app/arousal4.html,Q8T2V6K4,CAY_C38_V3 (28s),batch_200
201,https://arousal.vercel.app/arousal5.html,L9B5H3F7,CAY_C44_V4 (55s),batch_201
202,https://arousal.vercel.app/arousal5.html,L9B5H3F7,CAY_C44_V4 (55s),batch_202
203,https://arousal.vercel.app/arousal5.html,L9B5H3F7,CAY_C44_V4 (55s),batch_203
204,https://arousal.vercel.app/arousal5.html,L9B5H3F7,CAY_C44_V4 (55s),batch_204
205,https://arousal.vercel.app/arousal5.html,L9B5H3F7,CAY_C44_V4 (55s),batch_205
206,https://arousal.vercel.app/arousal5.html,L9B5H3F7,CAY_C44_V4 (55s),batch_206
207,https://arousal.vercel.app/arousal5.html,L9B5H3F7,CAY_C44_V4 (55s),batch_207
208,https://arousal.vercel.app/arousal5.html,L9B5H3F7,CAY_C44_V4 (55s),batch_208
209,https://arousal.vercel.app/arousal5.html,L9B5H3F7,CAY_C44_V4 (55s),batch_209
210,https://arousal.vercel.app/arousal5.html,L9B5H3F7,CAY_C44_V4 (55s),batch_210
211,https://arousal.vercel.app/arousal5.html,L9B5H3F7,CAY_C44_V4 (55s),batch_211
212,https://arousal.vercel.app/arousal5.html,L9B5H3F7,CAY_C44_V4 (55s),batch_212
213,https://arousal.vercel.app/arousal5.html,L9B5H3F7,CAY_C44_V4 (55s),batch_213
214,https://arousal.vercel.app/arousal5.html,L9B5H3F7,CAY_C44_V4 (55s),batch_214
215,https://arousal.vercel.app/arousal5.html,L9B5H3F7,CAY_C44_V4 (55s),batch_215
216,https://arousal.vercel.app/arousal5.html,L9B5H3F7,CAY_C44_V4 (55s),batch_216
217,https://arousal.vercel.app/arousal5.html,L9B5H3F7,CAY_C44_V4 (55s),batch_217
218,https://arousal.vercel.app/arousal5.html,L9B5H3F7,CAY_C44_V4 (55s),batch_218
219,https://arousal.vercel.app/arousal5.html,L9B5H3F7,CAY_C44_V4 (55s),batch_219
220,https://arousal.vercel.app/arousal5.html,L9B5H3F7,CAY_C44_V4 (55s),batch_220
221,https://arousal.vercel.app/arousal5.html,L9B5H3F7,CAY_C44_V4 (55s),batch_221
222,https://arousal.vercel.app/arousal5.html,L9B5H3F7,CAY_C44_V4 (55s),batch_222
223,https://arousal.vercel.app/arousal5.html,L9B5H3F7,CAY_C44_V4 (55s),batch_223
224,https://arousal.vercel.app/arousal5.html,L9B5H3F7,CAY_C44_V4 (55s),batch_224
225,https://arousal.vercel.app/arousal5.html,L9B5H3F7,CAY_C44_V4 (55s),batch_225
226,https://arousal.vercel.app/arousal5.html,L9B5H3F7,CAY_C44_V4 (55s),batch_226
227,https://arousal.vercel.app/arousal5.html,L9B5H3F7,CAY_C44_V4 (55s),batch_227
228,https://arousal.vercel.app/arousal5.html,L9B5H3F7,CAY_C44_V4 (55s),batch_228
229,https://arousal.vercel.app/arousal5.html,L9B5H3F7,CAY_C44_V4 (55s),batch_229
230,https://arousal.vercel.app/arousal5.html,L9B5H3F7,CAY_C44_V4 (55s),batch_230
231,https://arousal.vercel.app/arousal5.html,L9B5H3F7,CAY_C44_V4 (55s),batch_231
232,https://arousal.vercel.app/arousal5.html,L9B5H3F7,CAY_C44_V4 (55s),batch_232
233,https://arousal.vercel.app/arousal5.html,L9B5H3F7,CAY_C44_V4 (55s),batch_233
234,https://arousal.vercel.app/arousal5.html,L9B5H3F7,CAY_C44_V4 (55s),batch_234
235,https://arousal.vercel.app/arousal5.html,L9B5H3F7,CAY_C44_V4 (55s),batch_235
236,https://arousal.vercel.app/arousal5.html,L9B5H3F7,CAY_C44_V4 (55s),batch_236
237,https://arousal.vercel.app/arousal5.html,L9B5H3F7,CAY_C44_V4 (55s),batch_237
238,https://arousal.vercel.app/arousal5.html,L9B5H3F7,CAY_C44_V4 (55s),batch_238
239,https://arousal.vercel.app/arousal5.html,L9B5H3F7,CAY_C44_V4 (55s),batch_239
240,https://arousal.vercel.app/arousal5.html,L9B5H3F7,CAY_C44_V4 (55s),batch_240
241,https://arousal.vercel.app/arousal5.html,L9B5H3F7,CAY_C44_V4 (55s),batch_241
242,https://arousal.vercel.app/arousal5.html,L9B5H3F7,CAY_C44_V4 (55s),batch_242
243,https://arousal.vercel.app/arousal5.html,L9B5H3F7,CAY_C44_V4 (55s),batch_243
244,https://arousal.vercel.app/arousal5.html,L9B5H3F7,CAY_C44_V4 (55s),batch_244
245,https://arousal.vercel.app/arousal5.html,L9B5H3F7,CAY_C44_V4 (55s),batch_245
246,https://arousal.vercel.app/arousal5.html,L9B5H3F7,CAY_C44_V4 (55s),batch_246
247,https://arousal.vercel.app/arousal5.html,L9B5H3F7,CAY_C44_V4 (55s),batch_247
248,https://arousal.vercel.app/arousal5.html,L9B5H3F7,CAY_C44_V4 (55s),batch_248
249,https://arousal.vercel.app/arousal5.html,L9B5H3F7,CAY_C44_V4 (55s),batch_249
250,https://arousal.vercel.app/arousal5.html,L9B5H3F7,CAY_C44_V4 (55s),batch_250
251,https://arousal.vercel.app/arousal6.html,R6X8N2M4,CAY_C47_V2 (57s),batch_251
252,https://arousal.vercel.app/arousal6.html,R6X8N2M4,CAY_C47_V2 (57s),batch_252
253,https://arousal.vercel.app/arousal6.html,R6X8N2M4,CAY_C47_V2 (57s),batch_253
254,https://arousal.vercel.app/arousal6.html,R6X8N2M4,CAY_C47_V2 (57s),batch_254
255,https://arousal.vercel.app/arousal6.html,R6X8N2M4,CAY_C47_V2 (57s),batch_255
256,https://arousal.vercel.app/arousal6.html,R6X8N2M4,CAY_C47_V2 (57s),batch_256
257,https://arousal.vercel.app/arousal6.html,R6X8N2M4,CAY_C47_V2 (57s),batch_257
258,https://arousal.vercel.app/arousal6.html,R6X8N2M4,CAY_C47_V2 (57s),batch_258
259,https://arousal.vercel.app/arousal6.html,R6X8N2M4,CAY_C47_V2 (57s),batch_259
260,https://arousal.vercel.app/arousal6.html,R6X8N2M4,CAY_C47_V2 (57s),batch_260
261,https://arousal.vercel.app/arousal6.html,R6X8N2M4,CAY_C47_V2 (57s),batch_261
262,https://arousal.vercel.app/arousal6.html,R6X8N2M4,CAY_C47_V2 (57s),batch_262
263,https://arousal.vercel.app/arousal6.html,R6X8N2M4,CAY_C47_V2 (57s),batch_263
264,https://arousal.vercel.app/arousal6.html,R6X8N2M4,CAY_C47_V2 (57s),batch_264
265,https://arousal.vercel.app/arousal6.html,R6X8N2M4,CAY_C47_V2 (57s),batch_265
266,https://arousal.vercel.app/arousal6.html,R6X8N2M4,CAY_C47_V2 (57s),batch_266
267,https://arousal.vercel.app/arousal6.html,R6X8N2M4,CAY_C47_V2 (57s),batch_267
268,https://arousal.vercel.app/arousal6.html,R6X8N2M4,CAY_C47_V2 (57s),batch_268
269,https://arousal.vercel.app/arousal6.html,R6X8N2M4,CAY_C47_V2 (57s),batch_269
270,https://arousal.vercel.app/arousal6.html,R6X8N2M4,CAY_C47_V2 (57s),batch_270
271,https://arousal.vercel.app/arousal6.html,R6X8N2M4,CAY_C47_V2 (57s),batch_271
272,https://arousal.vercel.app/arousal6.html,R6X8N2M4,CAY_C47_V2 (57s),batch_272
273,https://arousal.vercel.app/arousal6.html,R6X8N2M4,CAY_C47_V2 (57s),batch_273
274,https://arousal.vercel.app/arousal6.html,R6X8N2M4,CAY_C47_V2 (57s),batch_274
275,https://arousal.vercel.app/arousal6.html,R6X8N2M4,CAY_C47_V2 (57s),batch_275
276,https://arousal.vercel.app/arousal6.html,R6X8N2M4,CAY_C47_V2 (57s),batch_276
277,https://arousal.vercel.app/arousal6.html,R6X8N2M4,CAY_C47_V2 (57s),batch_277
278,https://arousal.vercel.app/arousal6.html,R6X8N2M4,CAY_C47_V2 (57s),batch_278
279,https://arousal.vercel.app/arousal6.html,R6X8N2M4,CAY_C47_V2 (57s),batch_279
280,https://arousal.vercel.app/arousal6.html,R6X8N2M4,CAY_C47_V2 (57s),batch_280
281,https://arousal.vercel.app/arousal6.html,R6X8N2M4,CAY_C47_V2 (57s),batch_281
282,https://arousal.vercel.app/arousal6.html,R6X8N2M4,CAY_C47_V2 (57s),batch_282
283,https://arousal.vercel.app/arousal6.html,R6X8N2M4,CAY_C47_V2 (57s),batch_283
284,https://arousal.vercel.app/arousal6.html,R6X8N2M4,CAY_C47_V2 (57s),batch_284
285,https://arousal.vercel.app/arousal6.html,R6X8N2M4,CAY_C47_V2 (57s),batch_285
286,https://arousal.vercel.app/arousal6.html,R6X8N2M4,CAY_C47_V2 (57s),batch_286
287,https://arousal.vercel.app/arousal6.html,R6X8N2M4,CAY_C47_V2 (57s),batch_287
288,https://arousal.vercel.app/arousal6.html,R6X8N2M4,CAY_C47_V2 (57s),batch_288
289,https://arousal.vercel.app/arousal6.html,R6X8N2M4,CAY_C47_V2 (57s),batch_289
290,https://arousal.vercel.app/arousal6.html,R6X8N2M4,CAY_C47_V2 (57s),batch_290
291,https://arousal.vercel.app/arousal6.html,R6X8N2M4,CAY_C47_V2 (57s),batch_291
292,https://arousal.vercel.app/arousal6.html,R6X8N2M4,CAY_C47_V2 (57s),batch_292
293,https://arousal.vercel.app/arousal6.html,R6X8N2M4,CAY_C47_V2 (57s),batch_293
294,https://arousal.vercel.app/arousal6.html,R6X8N2M4,CAY_C47_V2 (57s),batch_294
295,https://arousal.vercel.app/arousal6.html,R6X8N2M4,CAY_C47_V2 (57s),batch_295
296,https://arousal.vercel.app/arousal6.html,R6X8N2M4,CAY_C47_V2 (57s),batch_296
297,https://arousal.vercel.app/arousal6.html,R6X8N2M4,CAY_C47_V2 (57s),batch_297
298,https://arousal.vercel.app/arousal6.html,R6X8N2M4,CAY_C47_V2 (57s),batch_298
299,https://arousal.vercel.app/arousal6.html,R6X8N2M4,CAY_C47_V2 (57s),batch_299
300,https://arousal.vercel.app/arousal6.html,R6X8N2M4,CAY_C47_V2 (57s),batch_300
301,https://arousal.vercel.app/arousal7.html,Z4K7Q3P9,CAY_C46_V3 (28s),batch_301
302,https://arousal.vercel.app/arousal7.html,Z4K7Q3P9,CAY_C46_V3 (28s),batch_302
303,https://arousal.vercel.app/arousal7.html,Z4K7Q3P9,CAY_C46_V3 (28s),batch_303
304,https://arousal.vercel.app/arousal7.html,Z4K7Q3P9,CAY_C46_V3 (28s),batch_304
305,https://arousal.vercel.app/arousal7.html,Z4K7Q3P9,CAY_C46_V3 (28s),batch_305
306,https://arousal.vercel.app/arousal7.html,Z4K7Q3P9,CAY_C46_V3 (28s),batch_306
307,https://arousal.vercel.app/arousal7.html,Z4K7Q3P9,CAY_C46_V3 (28s),batch_307
308,https://arousal.vercel.app/arousal7.html,Z4K7Q3P9,CAY_C46_V3 (28s),batch_308
309,https://arousal.vercel.app/arousal7.html,Z4K7Q3P9,CAY_C46_V3 (28s),batch_309
310,https://arousal.vercel.app/arousal7.html,Z4K7Q3P9,CAY_C46_V3 (28s),batch_310
311,https://arousal.vercel.app/arousal7.html,Z4K7Q3P9,CAY_C46_V3 (28s),batch_311
312,https://arousal.vercel.app/arousal7.html,Z4K7Q3P9,CAY_C46_V3 (28s),batch_312
313,https://arousal.vercel.app/arousal7.html,Z4K7Q3P9,CAY_C46_V3 (28s),batch_313
314,https://arousal.vercel.app/arousal7.html,Z4K7Q3P9,CAY_C46_V3 (28s),batch_314
315,https://arousal.vercel.app/arousal7.html,Z4K7Q3P9,CAY_C46_V3 (28s),batch_315
316,https://arousal.vercel.app/arousal7.html,Z4K7Q3P9,CAY_C46_V3 (28s),batch_316
317,https://arousal.vercel.app/arousal7.html,Z4K7Q3P9,CAY_C46_V3 (28s),batch_317
318,https://arousal.vercel.app/arousal7.html,Z4K7Q3P9,CAY_C46_V3 (28s),batch_318
319,https://arousal.vercel.app/arousal7.html,Z4K7Q3P9,CAY_C46_V3 (28s),batch_319
320,https://arousal.vercel.app/arousal7.html,Z4K7Q3P9,CAY_C46_V3 (28s),batch_320
321,https://arousal.vercel.app/arousal7.html,Z4K7Q3P9,CAY_C46_V3 (28s),batch_321
322,https://arousal.vercel.app/arousal7.html,Z4K7Q3P9,CAY_C46_V3 (28s),batch_322
323,https://arousal.vercel.app/arousal7.html,Z4K7Q3P9,CAY_C46_V3 (28s),batch_323
324,https://arousal.vercel.app/arousal7.html,Z4K7Q3P9,CAY_C46_V3 (28s),batch_324
325,https://arousal.vercel.app/arousal7.html,Z4K7Q3P9,CAY_C46_V3 (28s),batch_325
326,https://arousal.vercel.app/arousal7.html,Z4K7Q3P9,CAY_C46_V3 (28s),batch_326
327,https://arousal.vercel.app/arousal7.html,Z4K7Q3P9,CAY_C46_V3 (28s),batch_327
328,https://arousal.vercel.app/arousal7.html,Z4K7Q3P9,CAY_C46_V3 (28s),batch_328
329,https://arousal.vercel.app/arousal7.html,Z4K7Q3P9,CAY_C46_V3 (28s),batch_329
330,https://arousal.vercel.app/arousal7.html,Z4K7Q3P9,CAY_C46_V3 (28s),batch_330
331,https://arousal.vercel.app/arousal7.html,Z4K7Q3P9,CAY_C46_V3 (28s),batch_331
332,https://arousal.vercel.app/arousal7.html,Z4K7Q3P9,CAY_C46_V3 (28s),batch_332
333,https://arousal.vercel.app/arousal7.html,Z4K7Q3P9,CAY_C46_V3 (28s),batch_333
334,https://arousal.vercel.app/arousal7.html,Z4K7Q3P9,CAY_C46_V3 (28s),batch_334
335,https://arousal.vercel.app/arousal7.html,Z4K7Q3P9,CAY_C46_V3 (28s),batch_335
336,https://arousal.vercel.app/arousal7.html,Z4K7Q3P9,CAY_C46_V3 (28s),batch_336
337,https://arousal.vercel.app/arousal7.html,Z4K7Q3P9,CAY_C46_V3 (28s),batch_337
338,https://arousal.vercel.app/arousal7.html,Z4K7Q3P9,CAY_C46_V3 (28s),batch_338
339,https://arousal.vercel.app/arousal7.html,Z4K7Q3P9,CAY_C46_V3 (28s),batch_339
340,https://arousal.vercel.app/arousal7.html,Z4K7Q3P9,CAY_C46_V3 (28s),batch_340
341,https://arousal.vercel.app/arousal7.html,Z4K7Q3P9,CAY_C46_V3 (28s),batch_341
342,https://arousal.vercel.app/arousal7.html,Z4K7Q3P9,CAY_C46_V3 (28s),batch_342
343,https://arousal.vercel.app/arousal7.html,Z4K7Q3P9,CAY_C46_V3 (28s),batch_343
344,https://arousal.vercel.app/arousal7.html,Z4K7Q3P9,CAY_C46_V3 (28s),batch_344
345,https://arousal.vercel.app/arousal7.html,Z4K7Q3P9,CAY_C46_V3 (28s),batch_345
346,https://arousal.vercel.app/arousal7.html,Z4K7Q3P9,CAY_C46_V3 (28s),batch_346
347,https://arousal.vercel.app/arousal7.html,Z4K7Q3P9,CAY_C46_V3 (28s),batch_347
348,https://arousal.vercel.app/arousal7.html,Z4K7Q3P9,CAY_C46_V3 (28s),batch_348
349,https://arousal.vercel.app/arousal7.html,Z4K7Q3P9,CAY_C46_V3 (28s),batch_349
350,https://arousal.vercel.app/arousal7.html,Z4K7Q3P9,CAY_C46_V3 (28s),batch_350
351,https://arousal.vercel.app/arousal8.html,W5J9R7T2,S3 Asset 1,batch_351
352,https://arousal.vercel.app/arousal8.html,W5J9R7T2,S3 Asset 1,batch_352
353,https://arousal.vercel.app/arousal8.html,W5J9R7T2,S3 Asset 1,batch_353
354,https://arousal.vercel.app/arousal8.html,W5J9R7T2,S3 Asset 1,batch_354
355,https://arousal.vercel.app/arousal8.html,W5J9R7T2,S3 Asset 1,batch_355
356,https://arousal.vercel.app/arousal8.html,W5J9R7T2,S3 Asset 1,batch_356
357,https://arousal.vercel.app/arousal8.html,W5J9R7T2,S3 Asset 1,batch_357
358,https://arousal.vercel.app/arousal8.html,W5J9R7T2,S3 Asset 1,batch_358
359,https://arousal.vercel.app/arousal8.html,W5J9R7T2,S3 Asset 1,batch_359
360,https://arousal.vercel.app/arousal8.html,W5J9R7T2,S3 Asset 1,batch_360
361,https://arousal.vercel.app/arousal8.html,W5J9R7T2,S3 Asset 1,batch_361
362,https://arousal.vercel.app/arousal8.html,W5J9R7T2,S3 Asset 1,batch_362
363,https://arousal.vercel.app/arousal8.html,W5J9R7T2,S3 Asset 1,batch_363
364,https://arousal.vercel.app/arousal8.html,W5J9R7T2,S3 Asset 1,batch_364
365,https://arousal.vercel.app/arousal8.html,W5J9R7T2,S3 Asset 1,batch_365
366,https://arousal.vercel.app/arousal8.html,W5J9R7T2,S3 Asset 1,batch_366
367,https://arousal.vercel.app/arousal8.html,W5J9R7T2,S3 Asset 1,batch_367
368,https://arousal.vercel.app/arousal8.html,W5J9R7T2,S3 Asset 1,batch_368
369,https://arousal.vercel.app/arousal8.html,W5J9R7T2,S3 Asset 1,batch_369
370,https://arousal.vercel.app/arousal8.html,W5J9R7T2,S3 Asset 1,batch_370
371,https://arousal.vercel.app/arousal8.html,W5J9R7T2,S3 Asset 1,batch_371
372,https://arousal.vercel.app/arousal8.html,W5J9R7T2,S3 Asset 1,batch_372
373,https://arousal.vercel.app/arousal8.html,W5J9R7T2,S3 Asset 1,batch_373
374,https://arousal.vercel.app/arousal8.html,W5J9R7T2,S3 Asset 1,batch_374
375,https://arousal.vercel.app/arousal8.html,W5J9R7T2,S3 Asset 1,batch_375
376,https://arousal.vercel.app/arousal8.html,W5J9R7T2,S3 Asset 1,batch_376
377,https://arousal.vercel.app/arousal8.html,W5J9R7T2,S3 Asset 1,batch_377
378,https://arousal.vercel.app/arousal8.html,W5J9R7T2,S3 Asset 1,batch_378
379,https://arousal.vercel.app/arousal8.html,W5J9R7T2,S3 Asset 1,batch_379
380,https://arousal.vercel.app/arousal8.html,W5J9R7T2,S3 Asset 1,batch_380
381,https://arousal.vercel.app/arousal8.html,W5J9R7T2,S3 Asset 1,batch_381
382,https://arousal.vercel.app/arousal8.html,W5J9R7T2,S3 Asset 1,batch_382
383,https://arousal.vercel.app/arousal8.html,W5J9R7T2,S3 Asset 1,batch_383
384,https://arousal.vercel.app/arousal8.html,W5J9R7T2,S3 Asset 1,batch_384
385,https://arousal.vercel.app/arousal8.html,W5J9R7T2,S3 Asset 1,batch_385
386,https://arousal.vercel.app/arousal8.html,W5J9R7T2,S3 Asset 1,batch_386
387,https://arousal.vercel.app/arousal8.html,W5J9R7T2,S3 Asset 1,batch_387
388,https://arousal.vercel.app/arousal8.html,W5J9R7T2,S3 Asset 1,batch_388
389,https://arousal.vercel.app/arousal8.html,W5J9R7T2,S3 Asset 1,batch_389
390,https://arousal.vercel.app/arousal8.html,W5J9R7T2,S3 Asset 1,batch_390
391,https://arousal.vercel.app/arousal8.html,W5J9R7T2,S3 Asset 1,batch_391
392,https://arousal.vercel.app/arousal8.html,W5J9R7T2,S3 Asset 1,batch_392
393,https://arousal.vercel.app/arousal8.html,W5J9R7T2,S3 Asset 1,batch_393
394,https://arousal.vercel.app/arousal8.html,W5J9R7T2,S3 Asset 1,batch_394
395,https://arousal.vercel.app/arousal8.html,W5J9R7T2,S3 Asset 1,batch_395
396,https://arousal.vercel.app/arousal8.html,W5J9R7T2,S3 Asset 1,batch_396
397,https://arousal.vercel.app/arousal8.html,W5J9R7T2,S3 Asset 1,batch_397
398,https://arousal.vercel.app/arousal8.html,W5J9R7T2,S3 Asset 1,batch_398
399,https://arousal.vercel.app/arousal8.html,W5J9R7T2,S3 Asset 1,batch_399
400,https://arousal.vercel.app/arousal8.html,W5J9R7T2,S3 Asset 1,batch_400
401,https://arousal.vercel.app/arousal9.html,F8L3B6N1,S3 Asset 2,batch_401
402,https://arousal.vercel.app/arousal9.html,F8L3B6N1,S3 Asset 2,batch_402
403,https://arousal.vercel.app/arousal9.html,F8L3B6N1,S3 Asset 2,batch_403
404,https://arousal.vercel.app/arousal9.html,F8L3B6N1,S3 Asset 2,batch_404
405,https://arousal.vercel.app/arousal9.html,F8L3B6N1,S3 Asset 2,batch_405
406,https://arousal.vercel.app/arousal9.html,F8L3B6N1,S3 Asset 2,batch_406
407,https://arousal.vercel.app/arousal9.html,F8L3B6N1,S3 Asset 2,batch_407
408,https://arousal.vercel.app/arousal9.html,F8L3B6N1,S3 Asset 2,batch_408
409,https://arousal.vercel.app/arousal9.html,F8L3B6N1,S3 Asset 2,batch_409
410,https://arousal.vercel.app/arousal9.html,F8L3B6N1,S3 Asset 2,batch_410
411,https://arousal.vercel.app/arousal9.html,F8L3B6N1,S3 Asset 2,batch_411
412,https://arousal.vercel.app/arousal9.html,F8L3B6N1,S3 Asset 2,batch_412
413,https://arousal.vercel.app/arousal9.html,F8L3B6N1,S3 Asset 2,batch_413
414,https://arousal.vercel.app/arousal9.html,F8L3B6N1,S3 Asset 2,batch_414
415,https://arousal.vercel.app/arousal9.html,F8L3B6N1,S3 Asset 2,batch_415
416,https://arousal.vercel.app/arousal9.html,F8L3B6N1,S3 Asset 2,batch_416
417,https://arousal.vercel.app/arousal9.html,F8L3B6N1,S3 Asset 2,batch_417
418,https://arousal.vercel.app/arousal9.html,F8L3B6N1,S3 Asset 2,batch_418
419,https://arousal.vercel.app/arousal9.html,F8L3B6N1,S3 Asset 2,batch_419
420,https://arousal.vercel.app/arousal9.html,F8L3B6N1,S3 Asset 2,batch_420
421,https://arousal.vercel.app/arousal9.html,F8L3B6N1,S3 Asset 2,batch_421
422,https://arousal.vercel.app/arousal9.html,F8L3B6N1,S3 Asset 2,batch_422
423,https://arousal.vercel.app/arousal9.html,F8L3B6N1,S3 Asset 2,batch_423
424,https://arousal.vercel.app/arousal9.html,F8L3B6N1,S3 Asset 2,batch_424
425,https://arousal.vercel.app/arousal9.html,F8L3B6N1,S3 Asset 2,batch_425
426,https://arousal.vercel.app/arousal9.html,F8L3B6N1,S3 Asset 2,batch_426
427,https://arousal.vercel.app/arousal9.html,F8L3B6N1,S3 Asset 2,batch_427
428,https://arousal.vercel.app/arousal9.html,F8L3B6N1,S3 Asset 2,batch_428
429,https://arousal.vercel.app/arousal9.html,F8L3B6N1,S3 Asset 2,batch_429
430,https://arousal.vercel.app/arousal9.html,F8L3B6N1,S3 Asset 2,batch_430
431,https://arousal.vercel.app/arousal9.html,F8L3B6N1,S3 Asset 2,batch_431
432,https://arousal.vercel.app/arousal9.html,F8L3B6N1,S3 Asset 2,batch_432
433,https://arousal.vercel.app/arousal9.html,F8L3B6N1,S3 Asset 2,batch_433
434,https://arousal.vercel.app/arousal9.html,F8L3B6N1,S3 Asset 2,batch_434
435,https://arousal.vercel.app/arousal9.html,F8L3B6N1,S3 Asset 2,batch_435
436,https://arousal.vercel.app/arousal9.html,F8L3B6N1,S3 Asset 2,batch_436
437,https://arousal.vercel.app/arousal9.html,F8L3B6N1,S3 Asset 2,batch_437
438,https://arousal.vercel.app/arousal9.html,F8L3B6N1,S3 Asset 2,batch_438
439,https://arousal.vercel.app/arousal9.html,F8L3B6N1,S3 Asset 2,batch_439
440,https://arousal.vercel.app/arousal9.html,F8L3B6N1,S3 Asset 2,batch_440
441,https://arousal.vercel.app/arousal9.html,F8L3B6N1,S3 Asset 2,batch_441
442,https://arousal.vercel.app/arousal9.html,F8L3B6N1,S3 Asset 2,batch_442
443,https://arousal.vercel.app/arousal9.html,F8L3B6N1,S3 Asset 2,batch_443
444,https://arousal.vercel.app/arousal9.html,F8L3B6N1,S3 Asset 2,batch_444
445,https://arousal.vercel.app/arousal9.html,F8L3B6N1,S3 Asset 2,batch_445
446,https://arousal.vercel.app/arousal9.html,F8L3B6N1,S3 Asset 2,batch_446
447,https://arousal.vercel.app/arousal9.html,F8L3B6N1,S3 Asset 2,batch_447
448,https://arousal.vercel.app/arousal9.html,F8L3B6N1,S3 Asset 2,batch_448
449,https://arousal.vercel.app/arousal9.html,F8L3B6N1,S3 Asset 2,batch_449
450,https://arousal.vercel.app/arousal9.html,F8L3B6N1,S3 Asset 2,batch_450
451,https://arousal.vercel.app/arousal10.html,C2Y7M4K8,S3 Asset 3,batch_451
452,https://arousal.vercel.app/arousal10.html,C2Y7M4K8,S3 Asset 3,batch_452
453,https://arousal.vercel.app/arousal10.html,C2Y7M4K8,S3 Asset 3,batch_453
454,https://arousal.vercel.app/arousal10.html,C2Y7M4K8,S3 Asset 3,batch_454
455,https://arousal.vercel.app/arousal10.html,C2Y7M4K8,S3 Asset 3,batch_455
456,https://arousal.vercel.app/arousal10.html,C2Y7M4K8,S3 Asset 3,batch_456
457,https://arousal.vercel.app/arousal10.html,C2Y7M4K8,S3 Asset 3,batch_457
458,https://arousal.vercel.app/arousal10.html,C2Y7M4K8,S3 Asset 3,batch_458
459,https://arousal.vercel.app/arousal10.html,C2Y7M4K8,S3 Asset 3,batch_459
460,https://arousal.vercel.app/arousal10.html,C2Y7M4K8,S3 Asset 3,batch_460
461,https://arousal.vercel.app/arousal10.html,C2Y7M4K8,S3 Asset 3,batch_461
462,https://arousal.vercel.app/arousal10.html,C2Y7M4K8,S3 Asset 3,batch_462
463,https://arousal.vercel.app/arousal10.html,C2Y7M4K8,S3 Asset 3,batch_463
464,https://arousal.vercel.app/arousal10.html,C2Y7M4K8,S3 Asset 3,batch_464
465,https://arousal.vercel.app/arousal10.html,C2Y7M4K8,S3 Asset 3,batch_465
466,https://arousal.vercel.app/arousal10.html,C2Y7M4K8,S3 Asset 3,batch_466
467,https://arousal.vercel.app/arousal10.html,C2Y7M4K8,S3 Asset 3,batch_467
468,https://arousal.vercel.app/arousal10.html,C2Y7M4K8,S3 Asset 3,batch_468
469,https://arousal.vercel.app/arousal10.html,C2Y7M4K8,S3 Asset 3,batch_469
470,https://arousal.vercel.app/arousal10.html,C2Y7M4K8,S3 Asset 3,batch_470
471,https://arousal.vercel.app/arousal10.html,C2Y7M4K8,S3 Asset 3,batch_471
472,https://arousal.vercel.app/arousal10.html,C2Y7M4K8,S3 Asset 3,batch_472
473,https://arousal.vercel.app/arousal10.html,C2Y7M4K8,S3 Asset 3,batch_473
474,https://arousal.vercel.app/arousal10.html,C2Y7M4K8,S3 Asset 3,batch_474
475,https://arousal.vercel.app/arousal10.html,C2Y7M4K8,S3 Asset 3,batch_475
476,https://arousal.vercel.app/arousal10.html,C2Y7M4K8,S3 Asset 3,batch_476
477,https://arousal.vercel.app/arousal10.html,C2Y7M4K8,S3 Asset 3,batch_477
478,https://arousal.vercel.app/arousal10.html,C2Y7M4K8,S3 Asset 3,batch_478
479,https://arousal.vercel.app/arousal10.html,C2Y7M4K8,S3 Asset 3,batch_479
480,https://arousal.vercel.app/arousal10.html,C2Y7M4K8,S3 Asset 3,batch_480
481,https://arousal.vercel.app/arousal10.html,C2Y7M4K8,S3 Asset 3,batch_481
482,https://arousal.vercel.app/arousal10.html,C2Y7M4K8,S3 Asset 3,batch_482
483,https://arousal.vercel.app/arousal10.html,C2Y7M4K8,S3 Asset 3,batch_483
484,https://arousal.vercel.app/arousal10.html,C2Y7M4K8,S3 Asset 3,batch_484
485,https://arousal.vercel.app/arousal10.html,C2Y7M4K8,S3 Asset 3,batch_485
486,https://arousal.vercel.app/arousal10.html,C2Y7M4K8,S3 Asset 3,batch_486
487,https://arousal.vercel.app/arousal10.html,C2Y7M4K8,S3 Asset 3,batch_487
488,https://arousal.vercel.app/arousal10.html,C2Y7M4K8,S3 Asset 3,batch_488
489,https://arousal.vercel.app/arousal10.html,C2Y7M4K8,S3 Asset 3,batch_489
490,https://arousal.vercel.app/arousal10.html,C2Y7M4K8,S3 Asset 3,batch_490
491,https://arousal.vercel.app/arousal10.html,C2Y7M4K8,S3 Asset 3,batch_491
492,https://arousal.vercel.app/arousal10.html,C2Y7M4K8,S3 Asset 3,batch_492
493,https://arousal.vercel.app/arousal10.html,C2Y7M4K8,S3 Asset 3,batch_493
494,https://arousal.vercel.app/arousal10.html,C2Y7M4K8,S3 Asset 3,batch_494
495,https://arousal.vercel.app/arousal10.html,C2Y7M4K8,S3 Asset 3,batch_495
496,https://arousal.vercel.app/arousal10.html,C2Y7M4K8,S3 Asset 3,batch_496
497,https://arousal.vercel.app/arousal10.html,C2Y7M4K8,S3 Asset 3,batch_497
498,https://arousal.vercel.app/arousal10.html,C2Y7M4K8,S3 Asset 3,batch_498
499,https://arousal.vercel.app/arousal10.html,C2Y7M4K8,S3 Asset 3,batch_499
500,https://arousal.vercel.app/arousal10.html,C2Y7M4K8,S3 Asset 3,batch_500
