mediaTime,type,attention,dominantEmotion,arousal,valence,emotions,totalFaces,status,alarmTriggered,aggregatedData
0,FACE_DETECTOR,,,,,"",,INIT,,""
0,FACE_ATTENTION,,,,,"",,,,""
0,FACE_DETECTOR,,,,,"",,INIT,,""
0,FACE_ATTENTION,,,,,"",,,,""
0,FACE_DETECTOR,,,,,"",,INIT,,""
0,FACE_ATTENTION,,,,,"",,,,""
0,FACE_DETECTOR,,,,,"",,INIT,,""
0,FACE_ATTENTION,,,,,"",,,,""
0,FACE_DETECTOR,,,,,"",,INIT,,""
0,FACE_ATTENTION,,,,,"",,,,""
0,FACE_DETECTOR,,,,,"",,INIT,,""
0,FACE_ATTENTION,,,,,"",,,,""
0,FACE_DETECTOR,,,,,"",,INIT,,""
0,FACE_ATTENTION,,,,,"",,,,""
0.000519,FACE_DETECTOR,,,,,"",,INIT,,""
0.000519,FACE_ATTENTION,,,,,"",,,,""
0.014052,FACE_DETECTOR,,,,,"",,INIT,,""
0.015379,FACE_ATTENTION,,,,,"",,,,""
0.050354,FACE_DETECTOR,,,,,"",,INIT,,""
0.051887,FACE_ATTENTION,,,,,"",,,,""
0.088393,FACE_DETECTOR,,,,,"",,INIT,,""
0.089937,FACE_ATTENTION,,,,,"",,,,""
0.089937,FACE_DETECTOR,,,,,"",,INIT,,""
0.089937,FACE_EMOTION,,Sad,,,{"Angry":0.18,"Disgust":0.03,"Fear":0.14,"Happy":0.03,"Neutral":0.12,"Sad":0.41,"Surprise":0.09},,,,""
0.089937,FACE_AROUSAL_VALENCE,,,-0.7,-0.25,"",,,,""
0.089937,FACE_ATTENTION,,,,,"",,,,""
0.105587,FACE_DETECTOR,,,,,"",,INIT,,""
0.120798,FACE_EMOTION,,Angry,,,{"Angry":0.44,"Disgust":0.05,"Fear":0.09,"Happy":0.01,"Neutral":0.08,"Sad":0.3,"Surprise":0.03},,,,""
0.128435,FACE_AROUSAL_VALENCE,,,-0.55,-0.34,"",,,,""
0.128885,FACE_ATTENTION,0.03,,,,"",,,,""
0.169115,FACE_DETECTOR,,,,,"",,INIT,,""
0.170522,FACE_ATTENTION,0.03,,,,"",,,,""
0.199698,FACE_DETECTOR,,,,,"",,INIT,,""
0.200718,FACE_ATTENTION,0.03,,,,"",,,,""
0.23332,FACE_DETECTOR,,,,,"",,INIT,,""
0.234852,FACE_ATTENTION,0.03,,,,"",,,,""
0.267197,FACE_DETECTOR,,,,,"",,INIT,,""
0.268272,FACE_ATTENTION,0.03,,,,"",,,,""
0.296543,FACE_DETECTOR,,,,,"",,INIT,,""
0.297526,FACE_ATTENTION,0.03,,,,"",,,,""
0.325212,FACE_DETECTOR,,,,,"",,INIT,,""
0.32626,FACE_ATTENTION,0.02,,,,"",,,,""
0.360928,FACE_DETECTOR,,,,,"",,INIT,,""
0.362023,FACE_ATTENTION,0.02,,,,"",,,,""
0.398083,FACE_DETECTOR,,,,,"",,INIT,,""
0.399189,FACE_ATTENTION,0.02,,,,"",,,,""
0.432626,FACE_DETECTOR,,,,,"",,INIT,,""
0.433809,FACE_ATTENTION,0.02,,,,"",,,,""
0.465186,FACE_DETECTOR,,,,,"",,INIT,,""
0.466272,FACE_ATTENTION,0.02,,,,"",,,,""
0.501524,FACE_DETECTOR,,,,,"",,INIT,,""
0.506383,FACE_ATTENTION,0.02,,,,"",,,,""
0.538453,FACE_DETECTOR,,,,,"",,INIT,,""
0.539554,FACE_ATTENTION,0.02,,,,"",,,,""
0.57035,FACE_DETECTOR,,,,,"",,INIT,,""
0.571549,FACE_ATTENTION,0.02,,,,"",,,,""
0.601564,FACE_DETECTOR,,,,,"",,INIT,,""
0.603296,FACE_ATTENTION,0.01,,,,"",,,,""
0.634196,FACE_DETECTOR,,,,,"",,INIT,,""
0.63551,FACE_ATTENTION,0.01,,,,"",,,,""
0.669302,FACE_DETECTOR,,,,,"",,INIT,,""
0.671071,FACE_ATTENTION,0.01,,,,"",,,,""
0.707348,FACE_DETECTOR,,,,,"",,INIT,,""
0.708602,FACE_ATTENTION,0.01,,,,"",,,,""
0.743637,FACE_DETECTOR,,,,,"",,INIT,,""
0.74475,FACE_ATTENTION,0.01,,,,"",,,,""
0.779339,FACE_DETECTOR,,,,,"",,INIT,,""
0.780486,FACE_ATTENTION,0.01,,,,"",,,,""
0.816272,FACE_DETECTOR,,,,,"",,INIT,,""
0.817618,FACE_ATTENTION,0.01,,,,"",,,,""
0.851829,FACE_DETECTOR,,,,,"",,INIT,,""
0.852797,FACE_ATTENTION,0.01,,,,"",,,,""
0.90513,FACE_DETECTOR,,,,,"",,INIT,,""
0.906275,FACE_ATTENTION,0.01,,,,"",,,,""
0.946401,FACE_DETECTOR,,,,,"",,INIT,,""
0.947505,FACE_ATTENTION,0.01,,,,"",,,,""
0.981224,FACE_DETECTOR,,,,,"",,INIT,,""
0.982613,FACE_ATTENTION,0.01,,,,"",,,,""
1.017812,FACE_DETECTOR,,,,,"",,INIT,,""
1.018961,FACE_ATTENTION,0.01,,,,"",,,,""
1.056742,FACE_DETECTOR,,,,,"",,INIT,,""
1.058223,FACE_ATTENTION,0.01,,,,"",,,,""
1.095357,FACE_DETECTOR,,,,,"",,INIT,,""
1.096867,FACE_ATTENTION,0.01,,,,"",,,,""
1.138711,FACE_DETECTOR,,,,,"",,INIT,,""
1.140606,FACE_ATTENTION,0.01,,,,"",,,,""
1.181076,FACE_DETECTOR,,,,,"",,INIT,,""
1.182222,FACE_ATTENTION,,,,,"",,,,""
1.217343,FACE_DETECTOR,,,,,"",,INIT,,""
1.218548,FACE_ATTENTION,,,,,"",,,,""
1.254428,FACE_DETECTOR,,,,,"",,INIT,,""
1.255863,FACE_ATTENTION,,,,,"",,,,""
1.286538,FACE_DETECTOR,,,,,"",,INIT,,""
1.287777,FACE_ATTENTION,,,,,"",,,,""
1.325505,FACE_DETECTOR,,,,,"",,INIT,,""
1.326972,FACE_ATTENTION,,,,,"",,,,""
1.364058,FACE_DETECTOR,,,,,"",,INIT,,""
1.365219,FACE_ATTENTION,,,,,"",,,,""
1.408877,FACE_DETECTOR,,,,,"",,INIT,,""
1.410377,FACE_ATTENTION,,,,,"",,,,""
1.445257,FACE_DETECTOR,,,,,"",,INIT,,""
1.446324,FACE_ATTENTION,,,,,"",,,,""
1.477469,FACE_DETECTOR,,,,,"",,INIT,,""
1.478634,FACE_ATTENTION,,,,,"",,,,""
1.51386,FACE_DETECTOR,,,,,"",,INIT,,""
1.515146,FACE_ATTENTION,,,,,"",,,,""
1.544295,FACE_DETECTOR,,,,,"",,INIT,,""
1.54526,FACE_ATTENTION,,,,,"",,,,""
1.576864,FACE_DETECTOR,,,,,"",,INIT,,""
1.578266,FACE_ATTENTION,,,,,"",,,,""
1.61533,FACE_DETECTOR,,,,,"",,INIT,,""
1.617373,FACE_ATTENTION,,,,,"",,,,""
1.654167,FACE_DETECTOR,,,,,"",,INIT,,""
1.655547,FACE_ATTENTION,,,,,"",,,,""
1.694363,FACE_DETECTOR,,,,,"",,INIT,,""
1.696368,FACE_ATTENTION,,,,,"",,,,""
1.734997,FACE_DETECTOR,,,,,"",,INIT,,""
1.736189,FACE_ATTENTION,,,,,"",,,,""
1.77841,FACE_DETECTOR,,,,,"",,INIT,,""
1.779854,FACE_ATTENTION,,,,,"",,,,""
1.820358,FACE_DETECTOR,,,,,"",,INIT,,""
1.821605,FACE_ATTENTION,,,,,"",,,,""
1.858801,FACE_DETECTOR,,,,,"",,INIT,,""
1.859866,FACE_ATTENTION,,,,,"",,,,""
1.895995,FACE_DETECTOR,,,,,"",,INIT,,""
1.897106,FACE_ATTENTION,,,,,"",,,,""
1.933516,FACE_DETECTOR,,,,,"",,INIT,,""
1.93478,FACE_ATTENTION,,,,,"",,,,""
1.967306,FACE_DETECTOR,,,,,"",,INIT,,""
1.968533,FACE_ATTENTION,,,,,"",,,,""
2.006904,FACE_DETECTOR,,,,,"",,INIT,,""
2.007949,FACE_ATTENTION,,,,,"",,,,""
2.060463,FACE_DETECTOR,,,,,"",,INIT,,""
2.061577,FACE_ATTENTION,,,,,"",,,,""
2.102017,FACE_DETECTOR,,,,,"",,INIT,,""
2.103126,FACE_ATTENTION,,,,,"",,,,""
2.141557,FACE_DETECTOR,,,,,"",,INIT,,""
2.142944,FACE_ATTENTION,,,,,"",,,,""
2.181171,FACE_DETECTOR,,,,,"",,INIT,,""
2.182215,FACE_ATTENTION,,,,,"",,,,""
2.216762,FACE_DETECTOR,,,,,"",,INIT,,""
2.217943,FACE_ATTENTION,,,,,"",,,,""
2.251317,FACE_DETECTOR,,,,,"",,INIT,,""
2.252683,FACE_ATTENTION,,,,,"",,,,""
2.289333,FACE_DETECTOR,,,,,"",,INIT,,""
2.290794,FACE_ATTENTION,,,,,"",,,,""
2.326385,FACE_DETECTOR,,,,,"",,INIT,,""
2.327395,FACE_ATTENTION,,,,,"",,,,""
2.359989,FACE_DETECTOR,,,,,"",,INIT,,""
2.360991,FACE_ATTENTION,,,,,"",,,,""
2.395974,FACE_DETECTOR,,,,,"",,INIT,,""
2.397258,FACE_ATTENTION,,,,,"",,,,""
2.433384,FACE_DETECTOR,,,,,"",,INIT,,""
2.434381,FACE_ATTENTION,,,,,"",,,,""
2.46891,FACE_DETECTOR,,,,,"",,INIT,,""
2.470289,FACE_ATTENTION,,,,,"",,,,""
2.471952,DATA_AGGREGATOR,,,,,"",,,,""
2.507428,FACE_DETECTOR,,,,,"",,INIT,,""
2.50861,FACE_ATTENTION,,,,,"",,,,""
2.544167,FACE_DETECTOR,,,,,"",,INIT,,""
2.545617,FACE_ATTENTION,,,,,"",,,,""
2.580507,FACE_DETECTOR,,,,,"",,INIT,,""
2.581585,FACE_ATTENTION,,,,,"",,,,""
2.611529,FACE_DETECTOR,,,,,"",,INIT,,""
2.612657,FACE_ATTENTION,,,,,"",,,,""
2.644166,FACE_DETECTOR,,,,,"",,INIT,,""
2.645109,FACE_ATTENTION,,,,,"",,,,""
2.678326,FACE_DETECTOR,,,,,"",,INIT,,""
2.679627,FACE_ATTENTION,,,,,"",,,,""
2.712078,FACE_DETECTOR,,,,,"",,INIT,,""
2.712989,FACE_ATTENTION,,,,,"",,,,""
2.749608,FACE_DETECTOR,,,,,"",,INIT,,""
2.751048,FACE_ATTENTION,,,,,"",,,,""
2.788335,FACE_DETECTOR,,,,,"",,INIT,,""
2.78931,FACE_ATTENTION,,,,,"",,,,""
2.826727,FACE_DETECTOR,,,,,"",,INIT,,""
2.827973,FACE_ATTENTION,,,,,"",,,,""
2.865701,FACE_DETECTOR,,,,,"",,INIT,,""
2.866946,FACE_ATTENTION,,,,,"",,,,""
2.905523,FACE_DETECTOR,,,,,"",,INIT,,""
2.90683,FACE_ATTENTION,,,,,"",,,,""
2.944273,FACE_DETECTOR,,,,,"",,INIT,,""
2.945444,FACE_ATTENTION,,,,,"",,,,""
2.981355,FACE_DETECTOR,,,,,"",,INIT,,""
2.982293,FACE_ATTENTION,,,,,"",,,,""
3.018416,FACE_DETECTOR,,,,,"",,INIT,,""
3.01975,FACE_ATTENTION,,,,,"",,,,""
3.057541,FACE_DETECTOR,,,,,"",,INIT,,""
3.058941,FACE_ATTENTION,,,,,"",,,,""
3.099249,FACE_DETECTOR,,,,,"",,INIT,,""
3.100486,FACE_ATTENTION,,,,,"",,,,""
3.140879,FACE_DETECTOR,,,,,"",,INIT,,""
3.14245,FACE_ATTENTION,,,,,"",,,,""
3.18398,FACE_DETECTOR,,,,,"",,INIT,,""
3.185373,FACE_ATTENTION,,,,,"",,,,""
3.231856,FACE_DETECTOR,,,,,"",,INIT,,""
3.23314,FACE_ATTENTION,,,,,"",,,,""
3.277091,FACE_DETECTOR,,,,,"",,INIT,,""
3.278174,FACE_ATTENTION,,,,,"",,,,""
3.317029,FACE_DETECTOR,,,,,"",,INIT,,""
3.318004,FACE_ATTENTION,,,,,"",,,,""
3.355582,FACE_DETECTOR,,,,,"",,INIT,,""
3.356538,FACE_ATTENTION,,,,,"",,,,""
3.396247,FACE_DETECTOR,,,,,"",,INIT,,""
3.397573,FACE_ATTENTION,,,,,"",,,,""
3.433527,FACE_DETECTOR,,,,,"",,INIT,,""
3.434661,FACE_ATTENTION,,,,,"",,,,""
3.50101,FACE_DETECTOR,,,,,"",,INIT,,""
3.502255,FACE_ATTENTION,,,,,"",,,,""
3.503176,DATA_AGGREGATOR,,,,,"",,,,""
3.554271,FACE_DETECTOR,,,,,"",,INIT,,""
3.555693,FACE_ATTENTION,,,,,"",,,,""
3.594655,FACE_DETECTOR,,,,,"",,INIT,,""
3.59574,FACE_ATTENTION,,,,,"",,,,""
3.634363,FACE_DETECTOR,,,,,"",,INIT,,""
3.635863,FACE_ATTENTION,,,,,"",,,,""
3.673066,FACE_DETECTOR,,,,,"",,INIT,,""
3.674355,FACE_ATTENTION,,,,,"",,,,""
3.713325,FACE_DETECTOR,,,,,"",,INIT,,""
3.714971,FACE_ATTENTION,,,,,"",,,,""
3.75474,FACE_DETECTOR,,,,,"",,INIT,,""
3.756004,FACE_ATTENTION,,,,,"",,,,""
3.794935,FACE_DETECTOR,,,,,"",,INIT,,""
3.796089,FACE_ATTENTION,,,,,"",,,,""
3.830725,FACE_DETECTOR,,,,,"",,INIT,,""
3.831882,FACE_ATTENTION,,,,,"",,,,""
3.868377,FACE_DETECTOR,,,,,"",,INIT,,""
3.890826,FACE_EMOTION,,Angry,,,{"Angry":0.57,"Disgust":0.02,"Fear":0.01,"Happy":0,"Neutral":0.05,"Sad":0.33,"Surprise":0.01},,,,""
3.899816,FACE_AROUSAL_VALENCE,,,0.24,-0.45,"",,,,""
3.900294,FACE_ATTENTION,,,,,"",,,,""
3.947851,FACE_DETECTOR,,,,,"",,INIT,,""
3.949275,FACE_ATTENTION,,,,,"",,,,""
3.990888,FACE_DETECTOR,,,,,"",,INIT,,""
3.99223,FACE_ATTENTION,,,,,"",,,,""
4.034725,FACE_DETECTOR,,,,,"",,INIT,,""
4.036234,FACE_ATTENTION,,,,,"",,,,""
4.075968,FACE_DETECTOR,,,,,"",,INIT,,""
4.076961,FACE_ATTENTION,,,,,"",,,,""
4.112433,FACE_DETECTOR,,,,,"",,INIT,,""
4.113908,FACE_ATTENTION,,,,,"",,,,""
4.150703,FACE_DETECTOR,,,,,"",,INIT,,""
4.152038,FACE_ATTENTION,,,,,"",,,,""
4.191299,FACE_DETECTOR,,,,,"",,INIT,,""
4.192737,FACE_ATTENTION,,,,,"",,,,""
4.229174,FACE_DETECTOR,,,,,"",,INIT,,""
4.230493,FACE_ATTENTION,,,,,"",,,,""
4.273083,FACE_DETECTOR,,,,,"",,INIT,,""
4.274761,FACE_ATTENTION,,,,,"",,,,""
4.317134,FACE_DETECTOR,,,,,"",,INIT,,""
4.318173,FACE_ATTENTION,,,,,"",,,,""
4.358071,FACE_DETECTOR,,,,,"",,INIT,,""
4.359294,FACE_ATTENTION,,,,,"",,,,""
4.403134,FACE_DETECTOR,,,,,"",,INIT,,""
4.404206,FACE_ATTENTION,,,,,"",,,,""
4.444455,FACE_DETECTOR,,,,,"",,INIT,,""
4.445779,FACE_ATTENTION,,,,,"",,,,""
4.447208,DATA_AGGREGATOR,,,,,"",,,,""
4.483366,FACE_DETECTOR,,,,,"",,INIT,,""
4.484521,FACE_ATTENTION,,,,,"",,,,""
4.529152,FACE_DETECTOR,,,,,"",,INIT,,""
4.530736,FACE_ATTENTION,,,,,"",,,,""
4.572051,FACE_DETECTOR,,,,,"",,INIT,,""
4.573506,FACE_ATTENTION,,,,,"",,,,""
4.609739,FACE_DETECTOR,,,,,"",,INIT,,""
4.611064,FACE_ATTENTION,,,,,"",,,,""
4.652161,FACE_DETECTOR,,,,,"",,INIT,,""
4.653284,FACE_ATTENTION,,,,,"",,,,""
4.691889,FACE_DETECTOR,,,,,"",,INIT,,""
4.693179,FACE_ATTENTION,,,,,"",,,,""
4.727871,FACE_DETECTOR,,,,,"",,INIT,,""
4.728901,FACE_ATTENTION,,,,,"",,,,""
4.765572,FACE_DETECTOR,,,,,"",,INIT,,""
4.766507,FACE_ATTENTION,,,,,"",,,,""
4.797658,FACE_DETECTOR,,,,,"",,INIT,,""
4.798693,FACE_ATTENTION,,,,,"",,,,""
4.827383,FACE_DETECTOR,,,,,"",,INIT,,""
4.828334,FACE_ATTENTION,,,,,"",,,,""
4.854781,FACE_DETECTOR,,,,,"",,INIT,,""
4.855754,FACE_ATTENTION,,,,,"",,,,""
4.88755,FACE_DETECTOR,,,,,"",,INIT,,""
4.888588,FACE_ATTENTION,,,,,"",,,,""
4.923098,FACE_DETECTOR,,,,,"",,INIT,,""
4.924228,FACE_ATTENTION,,,,,"",,,,""
4.963936,FACE_DETECTOR,,,,,"",,INIT,,""
4.965125,FACE_ATTENTION,,,,,"",,,,""
5.000097,FACE_DETECTOR,,,,,"",,INIT,,""
5.001064,FACE_ATTENTION,,,,,"",,,,""
5.03917,FACE_DETECTOR,,,,,"",,INIT,,""
5.040519,FACE_ATTENTION,,,,,"",,,,""
5.084856,FACE_DETECTOR,,,,,"",,INIT,,""
5.08609,FACE_ATTENTION,,,,,"",,,,""
5.124722,FACE_DETECTOR,,,,,"",,INIT,,""
5.125873,FACE_ATTENTION,,,,,"",,,,""
5.158208,FACE_DETECTOR,,,,,"",,INIT,,""
5.159478,FACE_ATTENTION,,,,,"",,,,""
5.197475,FACE_DETECTOR,,,,,"",,INIT,,""
5.198962,FACE_ATTENTION,,,,,"",,,,""
5.241168,FACE_DETECTOR,,,,,"",,INIT,,""
5.242721,FACE_ATTENTION,,,,,"",,,,""
5.285046,FACE_DETECTOR,,,,,"",,INIT,,""
5.286346,FACE_ATTENTION,,,,,"",,,,""
5.32913,FACE_DETECTOR,,,,,"",,INIT,,""
5.330523,FACE_ATTENTION,,,,,"",,,,""
5.373819,FACE_DETECTOR,,,,,"",,INIT,,""
5.375315,FACE_ATTENTION,,,,,"",,,,""
5.419796,FACE_DETECTOR,,,,,"",,INIT,,""
5.420796,FACE_ATTENTION,,,,,"",,,,""
5.459814,FACE_DETECTOR,,,,,"",,INIT,,""
5.460871,FACE_ATTENTION,,,,,"",,,,""
5.461571,DATA_AGGREGATOR,,,,,"",,,,""
5.502079,FACE_DETECTOR,,,,,"",,INIT,,""
5.50358,FACE_ATTENTION,,,,,"",,,,""
5.543695,FACE_DETECTOR,,,,,"",,INIT,,""
5.545136,FACE_ATTENTION,,,,,"",,,,""
5.5837,FACE_DETECTOR,,,,,"",,INIT,,""
5.585143,FACE_ATTENTION,,,,,"",,,,""
5.62688,FACE_DETECTOR,,,,,"",,INIT,,""
5.62825,FACE_ATTENTION,,,,,"",,,,""
5.667723,FACE_DETECTOR,,,,,"",,INIT,,""
5.668994,FACE_ATTENTION,,,,,"",,,,""
5.70651,FACE_DETECTOR,,,,,"",,INIT,,""
5.707868,FACE_ATTENTION,,,,,"",,,,""
5.748199,FACE_DETECTOR,,,,,"",,INIT,,""
5.749517,FACE_ATTENTION,,,,,"",,,,""
5.790213,FACE_DETECTOR,,,,,"",,INIT,,""
5.791775,FACE_ATTENTION,,,,,"",,,,""
5.829926,FACE_DETECTOR,,,,,"",,INIT,,""
5.831111,FACE_ATTENTION,,,,,"",,,,""
5.870483,FACE_DETECTOR,,,,,"",,INIT,,""
5.871934,FACE_ATTENTION,,,,,"",,,,""
5.909174,FACE_DETECTOR,,,,,"",,INIT,,""
5.910196,FACE_ATTENTION,,,,,"",,,,""
5.938318,FACE_DETECTOR,,,,,"",,INIT,,""
5.939236,FACE_ATTENTION,,,,,"",,,,""
5.973209,FACE_DETECTOR,,,,,"",,INIT,,""
5.974269,FACE_ATTENTION,,,,,"",,,,""
6.00961,FACE_DETECTOR,,,,,"",,INIT,,""
6.011035,FACE_ATTENTION,,,,,"",,,,""
6.051318,FACE_DETECTOR,,,,,"",,INIT,,""
6.05266,FACE_ATTENTION,,,,,"",,,,""
6.097082,FACE_DETECTOR,,,,,"",,INIT,,""
6.098128,FACE_ATTENTION,,,,,"",,,,""
6.137266,FACE_DETECTOR,,,,,"",,INIT,,""
6.138453,FACE_ATTENTION,,,,,"",,,,""
6.173016,FACE_DETECTOR,,,,,"",,INIT,,""
6.174238,FACE_ATTENTION,,,,,"",,,,""
6.209741,FACE_DETECTOR,,,,,"",,INIT,,""
6.211241,FACE_ATTENTION,,,,,"",,,,""
6.247782,FACE_DETECTOR,,,,,"",,INIT,,""
6.248908,FACE_ATTENTION,,,,,"",,,,""
6.290635,FACE_DETECTOR,,,,,"",,INIT,,""
6.291716,FACE_ATTENTION,,,,,"",,,,""
6.329768,FACE_DETECTOR,,,,,"",,INIT,,""
6.331058,FACE_ATTENTION,,,,,"",,,,""
6.363155,FACE_DETECTOR,,,,,"",,INIT,,""
6.364315,FACE_ATTENTION,,,,,"",,,,""
6.399254,FACE_DETECTOR,,,,,"",,INIT,,""
6.400476,FACE_ATTENTION,,,,,"",,,,""
6.461426,FACE_DETECTOR,,,,,"",,INIT,,""
6.462609,ALARM_NO_FACE,,,,,"",,,true,""
6.463251,FACE_ATTENTION,,,,,"",,,,""
6.464125,DATA_AGGREGATOR,,,,,"",,,,""
6.513606,FACE_DETECTOR,,,,,"",,INIT,,""
6.514674,ALARM_NO_FACE,,,,,"",,,true,""
6.515385,FACE_ATTENTION,,,,,"",,,,""
6.555046,FACE_DETECTOR,,,,,"",,INIT,,""
6.555938,ALARM_NO_FACE,,,,,"",,,true,""
6.556593,FACE_ATTENTION,,,,,"",,,,""
6.594519,FACE_DETECTOR,,,,,"",,INIT,,""
6.595502,ALARM_NO_FACE,,,,,"",,,true,""
6.596215,FACE_ATTENTION,,,,,"",,,,""
6.637434,FACE_DETECTOR,,,,,"",,INIT,,""
6.63842,ALARM_NO_FACE,,,,,"",,,true,""
6.639299,FACE_ATTENTION,,,,,"",,,,""
6.677809,FACE_DETECTOR,,,,,"",,INIT,,""
6.678884,ALARM_NO_FACE,,,,,"",,,true,""
6.679553,FACE_ATTENTION,,,,,"",,,,""
6.71589,FACE_DETECTOR,,,,,"",,INIT,,""
6.716838,ALARM_NO_FACE,,,,,"",,,true,""
6.717545,FACE_ATTENTION,,,,,"",,,,""
6.766384,FACE_DETECTOR,,,,,"",,INIT,,""
6.76751,ALARM_NO_FACE,,,,,"",,,true,""
6.768227,FACE_ATTENTION,,,,,"",,,,""
6.810111,FACE_DETECTOR,,,,,"",,INIT,,""
6.811266,ALARM_NO_FACE,,,,,"",,,true,""
6.811837,FACE_ATTENTION,,,,,"",,,,""
6.84887,FACE_DETECTOR,,,,,"",,INIT,,""
6.849744,ALARM_NO_FACE,,,,,"",,,true,""
6.850324,FACE_ATTENTION,,,,,"",,,,""
6.884785,FACE_DETECTOR,,,,,"",,INIT,,""
6.885748,ALARM_NO_FACE,,,,,"",,,true,""
6.886483,FACE_ATTENTION,,,,,"",,,,""
6.923961,FACE_DETECTOR,,,,,"",,INIT,,""
6.924878,ALARM_NO_FACE,,,,,"",,,true,""
6.925629,FACE_ATTENTION,,,,,"",,,,""
6.962435,FACE_DETECTOR,,,,,"",,INIT,,""
6.963123,ALARM_NO_FACE,,,,,"",,,true,""
6.963579,FACE_ATTENTION,,,,,"",,,,""
6.998108,FACE_DETECTOR,,,,,"",,INIT,,""
6.999034,ALARM_NO_FACE,,,,,"",,,true,""
6.999729,FACE_ATTENTION,,,,,"",,,,""
7.03358,FACE_DETECTOR,,,,,"",,INIT,,""
7.034258,ALARM_NO_FACE,,,,,"",,,true,""
7.034822,FACE_ATTENTION,,,,,"",,,,""
7.073692,FACE_DETECTOR,,,,,"",,INIT,,""
7.074609,ALARM_NO_FACE,,,,,"",,,true,""
7.075288,FACE_ATTENTION,,,,,"",,,,""
7.114654,FACE_DETECTOR,,,,,"",,INIT,,""
7.115516,ALARM_NO_FACE,,,,,"",,,true,""
7.11612,FACE_ATTENTION,,,,,"",,,,""
7.152763,FACE_DETECTOR,,,,,"",,INIT,,""
7.153767,ALARM_NO_FACE,,,,,"",,,true,""
7.154602,FACE_ATTENTION,,,,,"",,,,""
7.190782,FACE_DETECTOR,,,,,"",,INIT,,""
7.19148,ALARM_NO_FACE,,,,,"",,,true,""
7.191972,FACE_ATTENTION,,,,,"",,,,""
7.228894,FACE_DETECTOR,,,,,"",,INIT,,""
7.229778,ALARM_NO_FACE,,,,,"",,,true,""
7.23045,FACE_ATTENTION,,,,,"",,,,""
7.26826,FACE_DETECTOR,,,,,"",,INIT,,""
7.269258,ALARM_NO_FACE,,,,,"",,,true,""
7.269935,FACE_ATTENTION,,,,,"",,,,""
7.309267,FACE_DETECTOR,,,,,"",,INIT,,""
7.310162,ALARM_NO_FACE,,,,,"",,,true,""
7.310911,FACE_ATTENTION,,,,,"",,,,""
7.347988,FACE_DETECTOR,,,,,"",,INIT,,""
7.348704,ALARM_NO_FACE,,,,,"",,,true,""
7.349353,FACE_ATTENTION,,,,,"",,,,""
7.383828,FACE_DETECTOR,,,,,"",,INIT,,""
7.384557,ALARM_NO_FACE,,,,,"",,,true,""
7.385109,FACE_ATTENTION,,,,,"",,,,""
7.426381,FACE_DETECTOR,,,,,"",,INIT,,""
7.427257,ALARM_NO_FACE,,,,,"",,,true,""
7.428021,FACE_ATTENTION,,,,,"",,,,""
7.46722,FACE_DETECTOR,,,,,"",,INIT,,""
7.468054,ALARM_NO_FACE,,,,,"",,,true,""
7.468674,FACE_ATTENTION,,,,,"",,,,""
7.469547,DATA_AGGREGATOR,,,,,"",,,,""
7.506282,FACE_DETECTOR,,,,,"",,INIT,,""
7.507043,ALARM_NO_FACE,,,,,"",,,true,""
7.507548,FACE_ATTENTION,,,,,"",,,,""
7.546615,FACE_DETECTOR,,,,,"",,INIT,,""
7.547291,ALARM_NO_FACE,,,,,"",,,true,""
7.547972,FACE_ATTENTION,,,,,"",,,,""
7.595248,FACE_DETECTOR,,,,,"",,INIT,,""
7.596168,ALARM_NO_FACE,,,,,"",,,true,""
7.596914,FACE_ATTENTION,,,,,"",,,,""
7.631215,FACE_DETECTOR,,,,,"",,INIT,,""
7.631973,ALARM_NO_FACE,,,,,"",,,true,""
7.632482,FACE_ATTENTION,,,,,"",,,,""
7.662638,FACE_DETECTOR,,,,,"",,INIT,,""
7.663511,ALARM_NO_FACE,,,,,"",,,true,""
7.664072,FACE_ATTENTION,,,,,"",,,,""
7.698695,FACE_DETECTOR,,,,,"",,INIT,,""
7.699709,ALARM_NO_FACE,,,,,"",,,true,""
7.700507,FACE_ATTENTION,,,,,"",,,,""
7.736583,FACE_DETECTOR,,,,,"",,INIT,,""
7.737508,ALARM_NO_FACE,,,,,"",,,true,""
7.738225,FACE_ATTENTION,,,,,"",,,,""
7.778231,FACE_DETECTOR,,,,,"",,INIT,,""
7.779347,ALARM_NO_FACE,,,,,"",,,true,""
7.780345,FACE_ATTENTION,,,,,"",,,,""
7.820989,FACE_DETECTOR,,,,,"",,INIT,,""
7.821881,ALARM_NO_FACE,,,,,"",,,true,""
7.822539,FACE_ATTENTION,,,,,"",,,,""
7.868614,FACE_DETECTOR,,,,,"",,INIT,,""
7.870517,ALARM_NO_FACE,,,,,"",,,true,""
7.871782,FACE_ATTENTION,,,,,"",,,,""
7.909385,FACE_DETECTOR,,,,,"",,INIT,,""
7.910031,ALARM_NO_FACE,,,,,"",,,true,""
7.910607,FACE_ATTENTION,,,,,"",,,,""
7.974896,FACE_DETECTOR,,,,,"",,INIT,,""
7.975876,ALARM_NO_FACE,,,,,"",,,true,""
7.976459,FACE_ATTENTION,,,,,"",,,,""
8.02695,FACE_DETECTOR,,,,,"",,INIT,,""
8.027852,ALARM_NO_FACE,,,,,"",,,true,""
8.028572,FACE_ATTENTION,,,,,"",,,,""
8.078748,FACE_DETECTOR,,,,,"",,INIT,,""
8.079668,ALARM_NO_FACE,,,,,"",,,true,""
8.08035,FACE_ATTENTION,,,,,"",,,,""
8.123685,FACE_DETECTOR,,,,,"",,INIT,,""
8.124473,ALARM_NO_FACE,,,,,"",,,true,""
8.125017,FACE_ATTENTION,,,,,"",,,,""
8.161448,FACE_DETECTOR,,,,,"",,INIT,,""
8.162199,ALARM_NO_FACE,,,,,"",,,true,""
8.162724,FACE_ATTENTION,,,,,"",,,,""
8.201023,FACE_DETECTOR,,,,,"",,INIT,,""
8.201946,ALARM_NO_FACE,,,,,"",,,true,""
8.202725,FACE_ATTENTION,,,,,"",,,,""
8.241984,FACE_DETECTOR,,,,,"",,INIT,,""
8.242883,ALARM_NO_FACE,,,,,"",,,true,""
8.243483,FACE_ATTENTION,,,,,"",,,,""
8.279826,FACE_DETECTOR,,,,,"",,INIT,,""
8.28077,ALARM_NO_FACE,,,,,"",,,true,""
8.281423,FACE_ATTENTION,,,,,"",,,,""
8.319461,FACE_DETECTOR,,,,,"",,INIT,,""
8.320287,ALARM_NO_FACE,,,,,"",,,true,""
8.320865,FACE_ATTENTION,,,,,"",,,,""
8.357144,FACE_DETECTOR,,,,,"",,INIT,,""
8.357919,ALARM_NO_FACE,,,,,"",,,true,""
8.358524,FACE_ATTENTION,,,,,"",,,,""
8.390327,FACE_DETECTOR,,,,,"",,INIT,,""
8.391023,ALARM_NO_FACE,,,,,"",,,true,""
8.391516,FACE_ATTENTION,,,,,"",,,,""
8.430464,FACE_DETECTOR,,,,,"",,INIT,,""
8.431759,ALARM_NO_FACE,,,,,"",,,true,""
8.432532,FACE_ATTENTION,,,,,"",,,,""
8.466918,FACE_DETECTOR,,,,,"",,INIT,,""
8.467578,ALARM_NO_FACE,,,,,"",,,true,""
8.468028,FACE_ATTENTION,,,,,"",,,,""
8.468668,DATA_AGGREGATOR,,,,,"",,,,""
8.504257,FACE_DETECTOR,,,,,"",,INIT,,""
8.50498,ALARM_NO_FACE,,,,,"",,,true,""
8.505569,FACE_ATTENTION,,,,,"",,,,""
8.53732,FACE_DETECTOR,,,,,"",,INIT,,""
8.53813,ALARM_NO_FACE,,,,,"",,,true,""
8.538803,FACE_ATTENTION,,,,,"",,,,""
8.571918,FACE_DETECTOR,,,,,"",,INIT,,""
8.57256,ALARM_NO_FACE,,,,,"",,,true,""
8.573014,FACE_ATTENTION,,,,,"",,,,""
8.601506,FACE_DETECTOR,,,,,"",,INIT,,""
8.602155,ALARM_NO_FACE,,,,,"",,,true,""
8.602624,FACE_ATTENTION,,,,,"",,,,""
8.633554,FACE_DETECTOR,,,,,"",,INIT,,""
8.634284,ALARM_NO_FACE,,,,,"",,,true,""
8.634885,FACE_ATTENTION,,,,,"",,,,""
8.672379,FACE_DETECTOR,,,,,"",,INIT,,""
8.673262,ALARM_NO_FACE,,,,,"",,,true,""
8.673889,FACE_ATTENTION,,,,,"",,,,""
8.712974,FACE_DETECTOR,,,,,"",,INIT,,""
8.713698,ALARM_NO_FACE,,,,,"",,,true,""
8.714229,FACE_ATTENTION,,,,,"",,,,""
8.754597,FACE_DETECTOR,,,,,"",,INIT,,""
8.755375,ALARM_NO_FACE,,,,,"",,,true,""
8.75592,FACE_ATTENTION,,,,,"",,,,""
8.791864,FACE_DETECTOR,,,,,"",,INIT,,""
8.792772,ALARM_NO_FACE,,,,,"",,,true,""
8.793312,FACE_ATTENTION,,,,,"",,,,""
8.830742,FACE_DETECTOR,,,,,"",,INIT,,""
8.831439,ALARM_NO_FACE,,,,,"",,,true,""
8.832025,FACE_ATTENTION,,,,,"",,,,""
8.862464,FACE_DETECTOR,,,,,"",,INIT,,""
8.863334,ALARM_NO_FACE,,,,,"",,,true,""
8.863958,FACE_ATTENTION,,,,,"",,,,""
8.903142,FACE_DETECTOR,,,,,"",,INIT,,""
8.903772,ALARM_NO_FACE,,,,,"",,,true,""
8.90419,FACE_ATTENTION,,,,,"",,,,""
8.93388,FACE_DETECTOR,,,,,"",,INIT,,""
8.934526,ALARM_NO_FACE,,,,,"",,,true,""
8.935045,FACE_ATTENTION,,,,,"",,,,""
8.96951,FACE_DETECTOR,,,,,"",,INIT,,""
8.970283,ALARM_NO_FACE,,,,,"",,,true,""
8.970897,FACE_ATTENTION,,,,,"",,,,""
9.00296,FACE_DETECTOR,,,,,"",,INIT,,""
9.00365,ALARM_NO_FACE,,,,,"",,,true,""
9.004126,FACE_ATTENTION,,,,,"",,,,""
9.038059,FACE_DETECTOR,,,,,"",,INIT,,""
9.038832,ALARM_NO_FACE,,,,,"",,,true,""
9.03962,FACE_ATTENTION,,,,,"",,,,""
9.07938,FACE_DETECTOR,,,,,"",,INIT,,""
9.080039,ALARM_NO_FACE,,,,,"",,,true,""
9.080512,FACE_ATTENTION,,,,,"",,,,""
9.130918,FACE_DETECTOR,,,,,"",,INIT,,""
9.132056,ALARM_NO_FACE,,,,,"",,,true,""
9.132669,FACE_ATTENTION,,,,,"",,,,""
9.168557,FACE_DETECTOR,,,,,"",,INIT,,""
9.169229,ALARM_NO_FACE,,,,,"",,,true,""
9.169754,FACE_ATTENTION,,,,,"",,,,""
9.203458,FACE_DETECTOR,,,,,"",,INIT,,""
9.204068,ALARM_NO_FACE,,,,,"",,,true,""
9.204608,FACE_ATTENTION,,,,,"",,,,""
9.233025,FACE_DETECTOR,,,,,"",,INIT,,""
9.233662,ALARM_NO_FACE,,,,,"",,,true,""
9.234138,FACE_ATTENTION,,,,,"",,,,""
9.268827,FACE_DETECTOR,,,,,"",,INIT,,""
9.269489,ALARM_NO_FACE,,,,,"",,,true,""
9.270045,FACE_ATTENTION,,,,,"",,,,""
9.298545,FACE_DETECTOR,,,,,"",,INIT,,""
9.29921,ALARM_NO_FACE,,,,,"",,,true,""
9.299779,FACE_ATTENTION,,,,,"",,,,""
9.328319,FACE_DETECTOR,,,,,"",,INIT,,""
9.32896,ALARM_NO_FACE,,,,,"",,,true,""
9.329496,FACE_ATTENTION,,,,,"",,,,""
9.376603,FACE_DETECTOR,,,,,"",,INIT,,""
9.377435,ALARM_NO_FACE,,,,,"",,,true,""
9.377964,FACE_ATTENTION,,,,,"",,,,""
9.416478,FACE_DETECTOR,,,,,"",,INIT,,""
9.41721,ALARM_NO_FACE,,,,,"",,,true,""
9.417765,FACE_ATTENTION,,,,,"",,,,""
9.44837,FACE_DETECTOR,,,,,"",,INIT,,""
9.449045,ALARM_NO_FACE,,,,,"",,,true,""
9.449507,FACE_ATTENTION,,,,,"",,,,""
9.450273,DATA_AGGREGATOR,,,,,"",,,,""
9.485874,FACE_DETECTOR,,,,,"",,INIT,,""
9.486827,ALARM_NO_FACE,,,,,"",,,true,""
9.487455,FACE_ATTENTION,,,,,"",,,,""
9.525094,FACE_DETECTOR,,,,,"",,INIT,,""
9.525758,ALARM_NO_FACE,,,,,"",,,true,""
9.526452,FACE_ATTENTION,,,,,"",,,,""
9.560956,FACE_DETECTOR,,,,,"",,INIT,,""
9.561673,ALARM_NO_FACE,,,,,"",,,true,""
9.562154,FACE_ATTENTION,,,,,"",,,,""
9.59924,FACE_DETECTOR,,,,,"",,INIT,,""
9.599966,ALARM_NO_FACE,,,,,"",,,true,""
9.600592,FACE_ATTENTION,,,,,"",,,,""
9.640327,FACE_DETECTOR,,,,,"",,INIT,,""
9.641172,ALARM_NO_FACE,,,,,"",,,true,""
9.641851,FACE_ATTENTION,,,,,"",,,,""
9.679521,FACE_DETECTOR,,,,,"",,INIT,,""
9.680436,ALARM_NO_FACE,,,,,"",,,true,""
9.681106,FACE_ATTENTION,,,,,"",,,,""
9.717746,FACE_DETECTOR,,,,,"",,INIT,,""
9.718942,ALARM_NO_FACE,,,,,"",,,true,""
9.719711,FACE_ATTENTION,,,,,"",,,,""
9.762905,FACE_DETECTOR,,,,,"",,INIT,,""
9.76362,ALARM_NO_FACE,,,,,"",,,true,""
9.764098,FACE_ATTENTION,,,,,"",,,,""
9.801829,FACE_DETECTOR,,,,,"",,INIT,,""
9.802565,ALARM_NO_FACE,,,,,"",,,true,""
9.803088,FACE_ATTENTION,,,,,"",,,,""
9.837336,FACE_DETECTOR,,,,,"",,INIT,,""
9.838196,ALARM_NO_FACE,,,,,"",,,true,""
9.838891,FACE_ATTENTION,,,,,"",,,,""
9.872226,FACE_DETECTOR,,,,,"",,INIT,,""
9.872972,ALARM_NO_FACE,,,,,"",,,true,""
9.873511,FACE_ATTENTION,,,,,"",,,,""
9.912767,FACE_DETECTOR,,,,,"",,INIT,,""
9.931977,ALARM_NO_FACE,,,,,"",,,true,""
9.93755,FACE_EMOTION,,Angry,,,{"Angry":0.41,"Disgust":0.2,"Fear":0,"Happy":0.37,"Neutral":0,"Sad":0.01,"Surprise":0},,,,""
9.946759,FACE_AROUSAL_VALENCE,,,-0.67,0.34,"",,,,""
9.947254,FACE_ATTENTION,,,,,"",,,,""
9.99923,FACE_DETECTOR,,,,,"",,INIT,,""
10.000523,ALARM_NO_FACE,,,,,"",,,true,""
10.003658,FACE_ATTENTION,,,,,"",,,,""
10.046829,FACE_DETECTOR,,,,,"",,INIT,,""
10.048035,ALARM_NO_FACE,,,,,"",,,true,""
10.048718,FACE_ATTENTION,,,,,"",,,,""
10.091074,FACE_DETECTOR,,,,,"",,INIT,,""
10.091843,ALARM_NO_FACE,,,,,"",,,true,""
10.092407,FACE_ATTENTION,,,,,"",,,,""
10.129882,FACE_DETECTOR,,,,,"",,INIT,,""
10.130797,ALARM_NO_FACE,,,,,"",,,true,""
10.131452,FACE_ATTENTION,,,,,"",,,,""
10.168671,FACE_DETECTOR,,,,,"",,INIT,,""
10.169396,ALARM_NO_FACE,,,,,"",,,true,""
10.169928,FACE_ATTENTION,,,,,"",,,,""
10.21278,FACE_DETECTOR,,,,,"",,INIT,,""
10.213702,ALARM_NO_FACE,,,,,"",,,true,""
10.214488,FACE_ATTENTION,,,,,"",,,,""
10.255197,FACE_DETECTOR,,,,,"",,INIT,,""
10.256255,ALARM_NO_FACE,,,,,"",,,true,""
10.256946,FACE_ATTENTION,,,,,"",,,,""
10.293309,FACE_DETECTOR,,,,,"",,INIT,,""
10.294146,ALARM_NO_FACE,,,,,"",,,true,""
10.294849,FACE_ATTENTION,,,,,"",,,,""
10.332719,FACE_DETECTOR,,,,,"",,INIT,,""
10.333723,ALARM_NO_FACE,,,,,"",,,true,""
10.33443,FACE_ATTENTION,,,,,"",,,,""
10.372007,FACE_DETECTOR,,,,,"",,INIT,,""
10.372852,ALARM_NO_FACE,,,,,"",,,true,""
10.373466,FACE_ATTENTION,,,,,"",,,,""
10.409063,FACE_DETECTOR,,,,,"",,INIT,,""
10.409755,ALARM_NO_FACE,,,,,"",,,true,""
10.410226,FACE_ATTENTION,,,,,"",,,,""
10.451773,FACE_DETECTOR,,,,,"",,INIT,,""
10.452634,ALARM_NO_FACE,,,,,"",,,true,""
10.453307,FACE_ATTENTION,,,,,"",,,,""
10.454868,DATA_AGGREGATOR,,,,,"",,,,""
10.486438,FACE_DETECTOR,,,,,"",,INIT,,""
10.487178,ALARM_NO_FACE,,,,,"",,,true,""
10.487909,FACE_ATTENTION,,,,,"",,,,""
10.527086,FACE_DETECTOR,,,,,"",,INIT,,""
10.528508,ALARM_NO_FACE,,,,,"",,,true,""
10.52905,FACE_ATTENTION,,,,,"",,,,""
10.565292,FACE_DETECTOR,,,,,"",,INIT,,""
10.566162,ALARM_NO_FACE,,,,,"",,,true,""
10.56671,FACE_ATTENTION,,,,,"",,,,""
10.602672,FACE_DETECTOR,,,,,"",,INIT,,""
10.603581,ALARM_NO_FACE,,,,,"",,,true,""
10.604137,FACE_ATTENTION,,,,,"",,,,""
10.642817,FACE_DETECTOR,,,,,"",,INIT,,""
10.643687,ALARM_NO_FACE,,,,,"",,,true,""
10.644318,FACE_ATTENTION,,,,,"",,,,""
10.683434,FACE_DETECTOR,,,,,"",,INIT,,""
10.684321,ALARM_NO_FACE,,,,,"",,,true,""
10.684899,FACE_ATTENTION,,,,,"",,,,""
10.719478,FACE_DETECTOR,,,,,"",,INIT,,""
10.720352,ALARM_NO_FACE,,,,,"",,,true,""
10.721165,FACE_ATTENTION,,,,,"",,,,""
10.758809,FACE_DETECTOR,,,,,"",,INIT,,""
10.759736,ALARM_NO_FACE,,,,,"",,,true,""
10.760352,FACE_ATTENTION,,,,,"",,,,""
10.798617,FACE_DETECTOR,,,,,"",,INIT,,""
10.799681,ALARM_NO_FACE,,,,,"",,,true,""
10.800412,FACE_ATTENTION,,,,,"",,,,""
10.837356,FACE_DETECTOR,,,,,"",,INIT,,""
10.838101,ALARM_NO_FACE,,,,,"",,,true,""
10.838643,FACE_ATTENTION,,,,,"",,,,""
10.895046,FACE_DETECTOR,,,,,"",,INIT,,""
10.895879,ALARM_NO_FACE,,,,,"",,,true,""
10.896386,FACE_ATTENTION,,,,,"",,,,""
10.941839,FACE_DETECTOR,,,,,"",,INIT,,""
10.942853,ALARM_NO_FACE,,,,,"",,,true,""
10.943595,FACE_ATTENTION,,,,,"",,,,""
10.981449,FACE_DETECTOR,,,,,"",,INIT,,""
10.982234,ALARM_NO_FACE,,,,,"",,,true,""
10.982829,FACE_ATTENTION,,,,,"",,,,""
11.021017,FACE_DETECTOR,,,,,"",,INIT,,""
11.021867,ALARM_NO_FACE,,,,,"",,,true,""
11.02261,FACE_ATTENTION,,,,,"",,,,""
11.05911,FACE_DETECTOR,,,,,"",,INIT,,""
11.059932,ALARM_NO_FACE,,,,,"",,,true,""
11.060611,FACE_ATTENTION,,,,,"",,,,""
11.096533,FACE_DETECTOR,,,,,"",,INIT,,""
11.097529,ALARM_NO_FACE,,,,,"",,,true,""
11.098255,FACE_ATTENTION,,,,,"",,,,""
11.14402,FACE_DETECTOR,,,,,"",,INIT,,""
11.144969,ALARM_NO_FACE,,,,,"",,,true,""
11.145652,FACE_ATTENTION,,,,,"",,,,""
11.190143,FACE_DETECTOR,,,,,"",,INIT,,""
11.191276,ALARM_NO_FACE,,,,,"",,,true,""
11.192027,FACE_ATTENTION,,,,,"",,,,""
11.230981,FACE_DETECTOR,,,,,"",,INIT,,""
11.231911,ALARM_NO_FACE,,,,,"",,,true,""
11.232528,FACE_ATTENTION,,,,,"",,,,""
11.27822,FACE_DETECTOR,,,,,"",,INIT,,""
11.279403,ALARM_NO_FACE,,,,,"",,,true,""
11.280108,FACE_ATTENTION,,,,,"",,,,""
11.322068,FACE_DETECTOR,,,,,"",,INIT,,""
11.323028,ALARM_NO_FACE,,,,,"",,,true,""
11.32363,FACE_ATTENTION,,,,,"",,,,""
11.361942,FACE_DETECTOR,,,,,"",,INIT,,""
11.363096,ALARM_NO_FACE,,,,,"",,,true,""
11.363863,FACE_ATTENTION,,,,,"",,,,""
11.405659,FACE_DETECTOR,,,,,"",,INIT,,""
11.406736,ALARM_NO_FACE,,,,,"",,,true,""
11.407384,FACE_ATTENTION,,,,,"",,,,""
11.447665,FACE_DETECTOR,,,,,"",,INIT,,""
11.448759,ALARM_NO_FACE,,,,,"",,,true,""
11.449573,FACE_ATTENTION,,,,,"",,,,""
11.450949,DATA_AGGREGATOR,,,,,"",,,,""
11.491392,FACE_DETECTOR,,,,,"",,INIT,,""
11.492404,ALARM_NO_FACE,,,,,"",,,true,""
11.493135,FACE_ATTENTION,,,,,"",,,,""
11.537188,FACE_DETECTOR,,,,,"",,INIT,,""
11.538166,ALARM_NO_FACE,,,,,"",,,true,""
11.538904,FACE_ATTENTION,,,,,"",,,,""
11.591515,FACE_DETECTOR,,,,,"",,INIT,,""
11.597736,ALARM_NO_FACE,,,,,"",,,true,""
11.598883,FACE_ATTENTION,,,,,"",,,,""
11.642669,FACE_DETECTOR,,,,,"",,INIT,,""
11.643617,ALARM_NO_FACE,,,,,"",,,true,""
11.644223,FACE_ATTENTION,,,,,"",,,,""
11.678542,FACE_DETECTOR,,,,,"",,INIT,,""
11.679474,ALARM_NO_FACE,,,,,"",,,true,""
11.680139,FACE_ATTENTION,,,,,"",,,,""
11.715745,FACE_DETECTOR,,,,,"",,INIT,,""
11.716483,ALARM_NO_FACE,,,,,"",,,true,""
11.716951,FACE_ATTENTION,,,,,"",,,,""
11.752428,FACE_DETECTOR,,,,,"",,INIT,,""
11.753372,ALARM_NO_FACE,,,,,"",,,true,""
11.754056,FACE_ATTENTION,,,,,"",,,,""
11.790635,FACE_DETECTOR,,,,,"",,INIT,,""
11.79162,ALARM_NO_FACE,,,,,"",,,true,""
11.792328,FACE_ATTENTION,,,,,"",,,,""
11.828407,FACE_DETECTOR,,,,,"",,INIT,,""
11.829146,ALARM_NO_FACE,,,,,"",,,true,""
11.829643,FACE_ATTENTION,,,,,"",,,,""
11.865294,FACE_DETECTOR,,,,,"",,INIT,,""
11.866031,ALARM_NO_FACE,,,,,"",,,true,""
11.866564,FACE_ATTENTION,,,,,"",,,,""
11.901955,FACE_DETECTOR,,,,,"",,INIT,,""
11.902905,ALARM_NO_FACE,,,,,"",,,true,""
11.903389,FACE_ATTENTION,,,,,"",,,,""
11.938795,FACE_DETECTOR,,,,,"",,INIT,,""
11.939575,ALARM_NO_FACE,,,,,"",,,true,""
11.940061,FACE_ATTENTION,,,,,"",,,,""
11.975232,FACE_DETECTOR,,,,,"",,INIT,,""
11.976152,ALARM_NO_FACE,,,,,"",,,true,""
11.976781,FACE_ATTENTION,,,,,"",,,,""
12.01412,FACE_DETECTOR,,,,,"",,INIT,,""
12.016174,ALARM_NO_FACE,,,,,"",,,true,""
12.017157,FACE_ATTENTION,,,,,"",,,,""
12.057867,FACE_DETECTOR,,,,,"",,INIT,,""
12.05865,ALARM_NO_FACE,,,,,"",,,true,""
12.059118,FACE_ATTENTION,,,,,"",,,,""
12.110872,FACE_DETECTOR,,,,,"",,INIT,,""
12.11178,ALARM_NO_FACE,,,,,"",,,true,""
12.112494,FACE_ATTENTION,,,,,"",,,,""
12.156894,FACE_DETECTOR,,,,,"",,INIT,,""
12.15803,ALARM_NO_FACE,,,,,"",,,true,""
12.158818,FACE_ATTENTION,,,,,"",,,,""
12.192417,FACE_DETECTOR,,,,,"",,INIT,,""
12.193208,ALARM_NO_FACE,,,,,"",,,true,""
12.193754,FACE_ATTENTION,,,,,"",,,,""
12.231545,FACE_DETECTOR,,,,,"",,INIT,,""
12.232344,ALARM_NO_FACE,,,,,"",,,true,""
12.232887,FACE_ATTENTION,,,,,"",,,,""
12.272231,FACE_DETECTOR,,,,,"",,INIT,,""
12.273208,ALARM_NO_FACE,,,,,"",,,true,""
12.273925,FACE_ATTENTION,,,,,"",,,,""
12.314006,FACE_DETECTOR,,,,,"",,INIT,,""
12.314845,ALARM_NO_FACE,,,,,"",,,true,""
12.315346,FACE_ATTENTION,,,,,"",,,,""
12.353752,FACE_DETECTOR,,,,,"",,INIT,,""
12.354534,ALARM_NO_FACE,,,,,"",,,true,""
12.355083,FACE_ATTENTION,,,,,"",,,,""
12.391229,FACE_DETECTOR,,,,,"",,INIT,,""
12.392149,ALARM_NO_FACE,,,,,"",,,true,""
12.392764,FACE_ATTENTION,,,,,"",,,,""
12.460643,FACE_DETECTOR,,,,,"",,INIT,,""
12.461384,ALARM_NO_FACE,,,,,"",,,true,""
12.461837,FACE_ATTENTION,,,,,"",,,,""
12.463163,DATA_AGGREGATOR,,,,,"",,,,""
12.512809,FACE_DETECTOR,,,,,"",,INIT,,""
12.513811,ALARM_NO_FACE,,,,,"",,,true,""
12.514564,FACE_ATTENTION,,,,,"",,,,""
12.553357,FACE_DETECTOR,,,,,"",,INIT,,""
12.554372,ALARM_NO_FACE,,,,,"",,,true,""
12.554983,FACE_ATTENTION,,,,,"",,,,""
12.597404,FACE_DETECTOR,,,,,"",,INIT,,""
12.59819,ALARM_NO_FACE,,,,,"",,,true,""
12.598807,FACE_ATTENTION,,,,,"",,,,""
12.636931,FACE_DETECTOR,,,,,"",,INIT,,""
12.638146,ALARM_NO_FACE,,,,,"",,,true,""
12.64047,FACE_ATTENTION,,,,,"",,,,""
12.678112,FACE_DETECTOR,,,,,"",,INIT,,""
12.679173,ALARM_NO_FACE,,,,,"",,,true,""
12.679877,FACE_ATTENTION,,,,,"",,,,""
12.720423,FACE_DETECTOR,,,,,"",,INIT,,""
12.721443,ALARM_NO_FACE,,,,,"",,,true,""
12.722213,FACE_ATTENTION,,,,,"",,,,""
12.758479,FACE_DETECTOR,,,,,"",,INIT,,""
12.759234,ALARM_NO_FACE,,,,,"",,,true,""
12.759688,FACE_ATTENTION,,,,,"",,,,""
12.789332,FACE_DETECTOR,,,,,"",,INIT,,""
12.790173,ALARM_NO_FACE,,,,,"",,,true,""
12.790696,FACE_ATTENTION,,,,,"",,,,""
12.830542,FACE_DETECTOR,,,,,"",,INIT,,""
12.831823,ALARM_NO_FACE,,,,,"",,,true,""
12.832478,FACE_ATTENTION,,,,,"",,,,""
12.866681,FACE_DETECTOR,,,,,"",,INIT,,""
12.867485,ALARM_NO_FACE,,,,,"",,,true,""
12.868078,FACE_ATTENTION,,,,,"",,,,""
12.908679,FACE_DETECTOR,,,,,"",,INIT,,""
12.909451,ALARM_NO_FACE,,,,,"",,,true,""
12.90994,FACE_ATTENTION,,,,,"",,,,""
12.951094,FACE_DETECTOR,,,,,"",,INIT,,""
12.95207,ALARM_NO_FACE,,,,,"",,,true,""
12.952764,FACE_ATTENTION,,,,,"",,,,""
12.992561,FACE_DETECTOR,,,,,"",,INIT,,""
12.993523,ALARM_NO_FACE,,,,,"",,,true,""
12.994192,FACE_ATTENTION,,,,,"",,,,""
13.032007,FACE_DETECTOR,,,,,"",,INIT,,""
13.033052,ALARM_NO_FACE,,,,,"",,,true,""
13.033789,FACE_ATTENTION,,,,,"",,,,""
13.074927,FACE_DETECTOR,,,,,"",,INIT,,""
13.075846,ALARM_NO_FACE,,,,,"",,,true,""
13.076495,FACE_ATTENTION,,,,,"",,,,""
13.115191,FACE_DETECTOR,,,,,"",,INIT,,""
13.115936,ALARM_NO_FACE,,,,,"",,,true,""
13.116428,FACE_ATTENTION,,,,,"",,,,""
13.152508,FACE_DETECTOR,,,,,"",,INIT,,""
13.153258,ALARM_NO_FACE,,,,,"",,,true,""
13.153777,FACE_ATTENTION,,,,,"",,,,""
13.191905,FACE_DETECTOR,,,,,"",,INIT,,""
13.192831,ALARM_NO_FACE,,,,,"",,,true,""
13.193487,FACE_ATTENTION,,,,,"",,,,""
13.232489,FACE_DETECTOR,,,,,"",,INIT,,""
13.233453,ALARM_NO_FACE,,,,,"",,,true,""
13.234104,FACE_ATTENTION,,,,,"",,,,""
13.272791,FACE_DETECTOR,,,,,"",,INIT,,""
13.273746,ALARM_NO_FACE,,,,,"",,,true,""
13.274398,FACE_ATTENTION,,,,,"",,,,""
13.31575,FACE_DETECTOR,,,,,"",,INIT,,""
13.316822,ALARM_NO_FACE,,,,,"",,,true,""
13.317545,FACE_ATTENTION,,,,,"",,,,""
13.351048,FACE_DETECTOR,,,,,"",,INIT,,""
13.351801,ALARM_NO_FACE,,,,,"",,,true,""
13.352286,FACE_ATTENTION,,,,,"",,,,""
13.384908,FACE_DETECTOR,,,,,"",,INIT,,""
13.385991,ALARM_NO_FACE,,,,,"",,,true,""
13.386731,FACE_ATTENTION,,,,,"",,,,""
13.423425,FACE_DETECTOR,,,,,"",,INIT,,""
13.424512,ALARM_NO_FACE,,,,,"",,,true,""
13.425277,FACE_ATTENTION,,,,,"",,,,""
13.460278,FACE_DETECTOR,,,,,"",,INIT,,""
13.461035,ALARM_NO_FACE,,,,,"",,,true,""
13.461511,FACE_ATTENTION,,,,,"",,,,""
13.462261,DATA_AGGREGATOR,,,,,"",,,,""
13.494532,FACE_DETECTOR,,,,,"",,INIT,,""
13.495375,ALARM_NO_FACE,,,,,"",,,true,""
13.495952,FACE_ATTENTION,,,,,"",,,,""
13.531982,FACE_DETECTOR,,,,,"",,INIT,,""
13.533065,ALARM_NO_FACE,,,,,"",,,true,""
13.534072,FACE_ATTENTION,,,,,"",,,,""
13.575188,FACE_DETECTOR,,,,,"",,INIT,,""
13.575957,ALARM_NO_FACE,,,,,"",,,true,""
13.576768,FACE_ATTENTION,,,,,"",,,,""
13.61264,FACE_DETECTOR,,,,,"",,INIT,,""
13.613475,ALARM_NO_FACE,,,,,"",,,true,""
13.614079,FACE_ATTENTION,,,,,"",,,,""
13.648916,FACE_DETECTOR,,,,,"",,INIT,,""
13.649999,ALARM_NO_FACE,,,,,"",,,true,""
13.650893,FACE_ATTENTION,,,,,"",,,,""
13.684088,FACE_DETECTOR,,,,,"",,INIT,,""
13.684883,ALARM_NO_FACE,,,,,"",,,true,""
13.685431,FACE_ATTENTION,,,,,"",,,,""
13.728749,FACE_DETECTOR,,,,,"",,INIT,,""
13.72979,ALARM_NO_FACE,,,,,"",,,true,""
13.73062,FACE_ATTENTION,,,,,"",,,,""
13.770589,FACE_DETECTOR,,,,,"",,INIT,,""
13.771535,ALARM_NO_FACE,,,,,"",,,true,""
13.772216,FACE_ATTENTION,,,,,"",,,,""
13.809432,FACE_DETECTOR,,,,,"",,INIT,,""
13.810427,ALARM_NO_FACE,,,,,"",,,true,""
13.811148,FACE_ATTENTION,,,,,"",,,,""
13.85043,FACE_DETECTOR,,,,,"",,INIT,,""
13.851181,ALARM_NO_FACE,,,,,"",,,true,""
13.851672,FACE_ATTENTION,,,,,"",,,,""
13.909665,FACE_DETECTOR,,,,,"",,INIT,,""
13.910891,ALARM_NO_FACE,,,,,"",,,true,""
13.911586,FACE_ATTENTION,,,,,"",,,,""
13.957568,FACE_DETECTOR,,,,,"",,INIT,,""
13.958619,ALARM_NO_FACE,,,,,"",,,true,""
13.959284,FACE_ATTENTION,,,,,"",,,,""
14.018638,FACE_DETECTOR,,,,,"",,INIT,,""
14.019742,ALARM_NO_FACE,,,,,"",,,true,""
14.020379,FACE_ATTENTION,,,,,"",,,,""
14.072236,FACE_DETECTOR,,,,,"",,INIT,,""
14.073295,ALARM_NO_FACE,,,,,"",,,true,""
14.073988,FACE_ATTENTION,,,,,"",,,,""
14.118517,FACE_DETECTOR,,,,,"",,INIT,,""
14.119571,ALARM_NO_FACE,,,,,"",,,true,""
14.120284,FACE_ATTENTION,,,,,"",,,,""
14.173454,FACE_DETECTOR,,,,,"",,INIT,,""
14.174487,ALARM_NO_FACE,,,,,"",,,true,""
14.175679,FACE_ATTENTION,,,,,"",,,,""
14.219524,FACE_DETECTOR,,,,,"",,INIT,,""
14.22047,ALARM_NO_FACE,,,,,"",,,true,""
14.221131,FACE_ATTENTION,,,,,"",,,,""
14.258617,FACE_DETECTOR,,,,,"",,INIT,,""
14.259736,ALARM_NO_FACE,,,,,"",,,true,""
14.260589,FACE_ATTENTION,,,,,"",,,,""
14.3022,FACE_DETECTOR,,,,,"",,INIT,,""
14.303211,ALARM_NO_FACE,,,,,"",,,true,""
14.303907,FACE_ATTENTION,,,,,"",,,,""
14.341589,FACE_DETECTOR,,,,,"",,INIT,,""
14.342349,ALARM_NO_FACE,,,,,"",,,true,""
14.343204,FACE_ATTENTION,,,,,"",,,,""
14.382086,FACE_DETECTOR,,,,,"",,INIT,,""
14.383341,ALARM_NO_FACE,,,,,"",,,true,""
14.384126,FACE_ATTENTION,,,,,"",,,,""
14.42307,FACE_DETECTOR,,,,,"",,INIT,,""
14.424056,ALARM_NO_FACE,,,,,"",,,true,""
14.42476,FACE_ATTENTION,,,,,"",,,,""
14.462051,FACE_DETECTOR,,,,,"",,INIT,,""
14.463059,ALARM_NO_FACE,,,,,"",,,true,""
14.463693,FACE_ATTENTION,,,,,"",,,,""
14.464724,DATA_AGGREGATOR,,,,,"",,,,""
14.499247,FACE_DETECTOR,,,,,"",,INIT,,""
14.500057,ALARM_NO_FACE,,,,,"",,,true,""
14.500881,FACE_ATTENTION,,,,,"",,,,""
14.538717,FACE_DETECTOR,,,,,"",,INIT,,""
14.539668,ALARM_NO_FACE,,,,,"",,,true,""
14.540316,FACE_ATTENTION,,,,,"",,,,""
14.57906,FACE_DETECTOR,,,,,"",,INIT,,""
14.579956,ALARM_NO_FACE,,,,,"",,,true,""
14.580626,FACE_ATTENTION,,,,,"",,,,""
14.61692,FACE_DETECTOR,,,,,"",,INIT,,""
14.617741,ALARM_NO_FACE,,,,,"",,,true,""
14.618334,FACE_ATTENTION,,,,,"",,,,""
14.656651,FACE_DETECTOR,,,,,"",,INIT,,""
14.657697,ALARM_NO_FACE,,,,,"",,,true,""
14.658428,FACE_ATTENTION,,,,,"",,,,""
14.696602,FACE_DETECTOR,,,,,"",,INIT,,""
14.697545,ALARM_NO_FACE,,,,,"",,,true,""
14.698276,FACE_ATTENTION,,,,,"",,,,""
14.736487,FACE_DETECTOR,,,,,"",,INIT,,""
14.737276,ALARM_NO_FACE,,,,,"",,,true,""
14.737933,FACE_ATTENTION,,,,,"",,,,""
14.7796,FACE_DETECTOR,,,,,"",,INIT,,""
14.780473,ALARM_NO_FACE,,,,,"",,,true,""
14.781133,FACE_ATTENTION,,,,,"",,,,""
14.816991,FACE_DETECTOR,,,,,"",,INIT,,""
14.817768,ALARM_NO_FACE,,,,,"",,,true,""
14.818257,FACE_ATTENTION,,,,,"",,,,""
14.85332,FACE_DETECTOR,,,,,"",,INIT,,""
14.854138,ALARM_NO_FACE,,,,,"",,,true,""
14.854709,FACE_ATTENTION,,,,,"",,,,""
14.884769,FACE_DETECTOR,,,,,"",,INIT,,""
14.885545,ALARM_NO_FACE,,,,,"",,,true,""
14.886128,FACE_ATTENTION,,,,,"",,,,""
14.919992,FACE_DETECTOR,,,,,"",,INIT,,""
14.920819,ALARM_NO_FACE,,,,,"",,,true,""
14.921391,FACE_ATTENTION,,,,,"",,,,""
14.961548,FACE_DETECTOR,,,,,"",,INIT,,""
14.962525,ALARM_NO_FACE,,,,,"",,,true,""
14.963236,FACE_ATTENTION,,,,,"",,,,""
15.009479,FACE_DETECTOR,,,,,"",,INIT,,""
15.01059,ALARM_NO_FACE,,,,,"",,,true,""
15.011297,FACE_ATTENTION,,,,,"",,,,""
15.053335,FACE_DETECTOR,,,,,"",,INIT,,""
15.054313,ALARM_NO_FACE,,,,,"",,,true,""
15.055161,FACE_ATTENTION,,,,,"",,,,""
15.09405,FACE_DETECTOR,,,,,"",,INIT,,""
15.095003,ALARM_NO_FACE,,,,,"",,,true,""
15.095757,FACE_ATTENTION,,,,,"",,,,""
15.13749,FACE_DETECTOR,,,,,"",,INIT,,""
15.138469,ALARM_NO_FACE,,,,,"",,,true,""
15.139216,FACE_ATTENTION,,,,,"",,,,""
15.176914,FACE_DETECTOR,,,,,"",,INIT,,""
15.177699,ALARM_NO_FACE,,,,,"",,,true,""
15.178241,FACE_ATTENTION,,,,,"",,,,""
15.216552,FACE_DETECTOR,,,,,"",,INIT,,""
15.218083,ALARM_NO_FACE,,,,,"",,,true,""
15.218885,FACE_ATTENTION,,,,,"",,,,""
15.260539,FACE_DETECTOR,,,,,"",,INIT,,""
15.261538,ALARM_NO_FACE,,,,,"",,,true,""
15.262234,FACE_ATTENTION,,,,,"",,,,""
15.301105,FACE_DETECTOR,,,,,"",,INIT,,""
15.301877,ALARM_NO_FACE,,,,,"",,,true,""
15.302399,FACE_ATTENTION,,,,,"",,,,""
15.342375,FACE_DETECTOR,,,,,"",,INIT,,""
15.343429,ALARM_NO_FACE,,,,,"",,,true,""
15.344066,FACE_ATTENTION,,,,,"",,,,""
15.383455,FACE_DETECTOR,,,,,"",,INIT,,""
15.384494,ALARM_NO_FACE,,,,,"",,,true,""
15.385222,FACE_ATTENTION,,,,,"",,,,""
15.423128,FACE_DETECTOR,,,,,"",,INIT,,""
15.424124,ALARM_NO_FACE,,,,,"",,,true,""
15.424824,FACE_ATTENTION,,,,,"",,,,""
15.48353,FACE_DETECTOR,,,,,"",,INIT,,""
15.484456,ALARM_NO_FACE,,,,,"",,,true,""
15.485073,FACE_ATTENTION,,,,,"",,,,""
15.485988,DATA_AGGREGATOR,,,,,"",,,,""
15.525911,FACE_DETECTOR,,,,,"",,INIT,,""
15.526962,ALARM_NO_FACE,,,,,"",,,true,""
15.527714,FACE_ATTENTION,,,,,"",,,,""
15.564952,FACE_DETECTOR,,,,,"",,INIT,,""
15.565844,ALARM_NO_FACE,,,,,"",,,true,""
15.566559,FACE_ATTENTION,,,,,"",,,,""
15.603916,FACE_DETECTOR,,,,,"",,INIT,,""
15.604761,ALARM_NO_FACE,,,,,"",,,true,""
15.605622,FACE_ATTENTION,,,,,"",,,,""
15.640197,FACE_DETECTOR,,,,,"",,INIT,,""
15.641064,ALARM_NO_FACE,,,,,"",,,true,""
15.641655,FACE_ATTENTION,,,,,"",,,,""
15.678016,FACE_DETECTOR,,,,,"",,INIT,,""
15.679129,ALARM_NO_FACE,,,,,"",,,true,""
15.679843,FACE_ATTENTION,,,,,"",,,,""
15.719091,FACE_DETECTOR,,,,,"",,INIT,,""
15.720276,ALARM_NO_FACE,,,,,"",,,true,""
15.721132,FACE_ATTENTION,,,,,"",,,,""
15.763796,FACE_DETECTOR,,,,,"",,INIT,,""
15.765264,ALARM_NO_FACE,,,,,"",,,true,""
15.766108,FACE_ATTENTION,,,,,"",,,,""
15.809573,FACE_DETECTOR,,,,,"",,INIT,,""
15.81103,ALARM_NO_FACE,,,,,"",,,true,""
15.811883,FACE_ATTENTION,,,,,"",,,,""
15.848463,FACE_DETECTOR,,,,,"",,INIT,,""
15.8492,ALARM_NO_FACE,,,,,"",,,true,""
15.849667,FACE_ATTENTION,,,,,"",,,,""
15.88818,FACE_DETECTOR,,,,,"",,INIT,,""
15.88916,ALARM_NO_FACE,,,,,"",,,true,""
15.889749,FACE_ATTENTION,,,,,"",,,,""
15.928333,FACE_DETECTOR,,,,,"",,INIT,,""
15.929371,ALARM_NO_FACE,,,,,"",,,true,""
15.929919,FACE_ATTENTION,,,,,"",,,,""
15.967119,FACE_DETECTOR,,,,,"",,INIT,,""
15.968049,ALARM_NO_FACE,,,,,"",,,true,""
15.96865,FACE_ATTENTION,,,,,"",,,,""
16.003483,FACE_DETECTOR,,,,,"",,INIT,,""
16.006074,ALARM_NO_FACE,,,,,"",,,true,""
16.006861,FACE_ATTENTION,,,,,"",,,,""
16.046156,FACE_DETECTOR,,,,,"",,INIT,,""
16.04738,ALARM_NO_FACE,,,,,"",,,true,""
16.048275,FACE_ATTENTION,,,,,"",,,,""
16.087892,FACE_DETECTOR,,,,,"",,INIT,,""
16.088827,ALARM_NO_FACE,,,,,"",,,true,""
16.089535,FACE_ATTENTION,,,,,"",,,,""
16.131103,FACE_DETECTOR,,,,,"",,INIT,,""
16.132244,ALARM_NO_FACE,,,,,"",,,true,""
16.133061,FACE_ATTENTION,,,,,"",,,,""
16.182602,FACE_DETECTOR,,,,,"",,INIT,,""
16.183508,ALARM_NO_FACE,,,,,"",,,true,""
16.184099,FACE_ATTENTION,,,,,"",,,,""
16.220468,FACE_DETECTOR,,,,,"",,INIT,,""
16.22143,ALARM_NO_FACE,,,,,"",,,true,""
16.222129,FACE_ATTENTION,,,,,"",,,,""
16.262206,FACE_DETECTOR,,,,,"",,INIT,,""
16.263082,ALARM_NO_FACE,,,,,"",,,true,""
16.263633,FACE_ATTENTION,,,,,"",,,,""
16.300505,FACE_DETECTOR,,,,,"",,INIT,,""
16.301469,ALARM_NO_FACE,,,,,"",,,true,""
16.302164,FACE_ATTENTION,,,,,"",,,,""
16.338779,FACE_DETECTOR,,,,,"",,INIT,,""
16.339676,ALARM_NO_FACE,,,,,"",,,true,""
16.340287,FACE_ATTENTION,,,,,"",,,,""
16.379207,FACE_DETECTOR,,,,,"",,INIT,,""
16.379987,ALARM_NO_FACE,,,,,"",,,true,""
16.380503,FACE_ATTENTION,,,,,"",,,,""
16.416705,FACE_DETECTOR,,,,,"",,INIT,,""
16.417524,ALARM_NO_FACE,,,,,"",,,true,""
16.418055,FACE_ATTENTION,,,,,"",,,,""
16.456704,FACE_DETECTOR,,,,,"",,INIT,,""
16.457528,ALARM_NO_FACE,,,,,"",,,true,""
16.458077,FACE_ATTENTION,,,,,"",,,,""
16.458799,DATA_AGGREGATOR,,,,,"",,,,""
16.501674,FACE_DETECTOR,,,,,"",,INIT,,""
16.502726,ALARM_NO_FACE,,,,,"",,,true,""
16.503419,FACE_ATTENTION,,,,,"",,,,""
16.549023,FACE_DETECTOR,,,,,"",,INIT,,""
16.549981,ALARM_NO_FACE,,,,,"",,,true,""
16.550703,FACE_ATTENTION,,,,,"",,,,""
16.594586,FACE_DETECTOR,,,,,"",,INIT,,""
16.595545,ALARM_NO_FACE,,,,,"",,,true,""
16.596204,FACE_ATTENTION,,,,,"",,,,""
16.635531,FACE_DETECTOR,,,,,"",,INIT,,""
16.63656,ALARM_NO_FACE,,,,,"",,,true,""
16.637264,FACE_ATTENTION,,,,,"",,,,""
16.675494,FACE_DETECTOR,,,,,"",,INIT,,""
16.676266,ALARM_NO_FACE,,,,,"",,,true,""
16.676785,FACE_ATTENTION,,,,,"",,,,""
16.714547,FACE_DETECTOR,,,,,"",,INIT,,""
16.715543,ALARM_NO_FACE,,,,,"",,,true,""
16.716217,FACE_ATTENTION,,,,,"",,,,""
16.758153,FACE_DETECTOR,,,,,"",,INIT,,""
16.759215,ALARM_NO_FACE,,,,,"",,,true,""
16.759942,FACE_ATTENTION,,,,,"",,,,""
16.799346,FACE_DETECTOR,,,,,"",,INIT,,""
16.802069,ALARM_NO_FACE,,,,,"",,,true,""
16.802747,FACE_ATTENTION,,,,,"",,,,""
16.841172,FACE_DETECTOR,,,,,"",,INIT,,""
16.842116,ALARM_NO_FACE,,,,,"",,,true,""
16.842834,FACE_ATTENTION,,,,,"",,,,""
16.882009,FACE_DETECTOR,,,,,"",,INIT,,""
16.88304,ALARM_NO_FACE,,,,,"",,,true,""
16.883808,FACE_ATTENTION,,,,,"",,,,""
16.922585,FACE_DETECTOR,,,,,"",,INIT,,""
16.923519,ALARM_NO_FACE,,,,,"",,,true,""
16.924149,FACE_ATTENTION,,,,,"",,,,""
16.96295,FACE_DETECTOR,,,,,"",,INIT,,""
16.96404,ALARM_NO_FACE,,,,,"",,,true,""
16.964779,FACE_ATTENTION,,,,,"",,,,""
17.024762,FACE_DETECTOR,,,,,"",,INIT,,""
17.025485,ALARM_NO_FACE,,,,,"",,,true,""
17.025857,FACE_ATTENTION,,,,,"",,,,""
17.072593,FACE_DETECTOR,,,,,"",,INIT,,""
17.073683,ALARM_NO_FACE,,,,,"",,,true,""
17.074502,FACE_ATTENTION,,,,,"",,,,""
17.109937,FACE_DETECTOR,,,,,"",,INIT,,""
17.11072,ALARM_NO_FACE,,,,,"",,,true,""
17.111227,FACE_ATTENTION,,,,,"",,,,""
17.147118,FACE_DETECTOR,,,,,"",,INIT,,""
17.148047,ALARM_NO_FACE,,,,,"",,,true,""
17.148617,FACE_ATTENTION,,,,,"",,,,""
17.188732,FACE_DETECTOR,,,,,"",,INIT,,""
17.189681,ALARM_NO_FACE,,,,,"",,,true,""
17.190388,FACE_ATTENTION,,,,,"",,,,""
17.226214,FACE_DETECTOR,,,,,"",,INIT,,""
17.227102,ALARM_NO_FACE,,,,,"",,,true,""
17.227727,FACE_ATTENTION,,,,,"",,,,""
17.269235,FACE_DETECTOR,,,,,"",,INIT,,""
17.270195,ALARM_NO_FACE,,,,,"",,,true,""
17.270886,FACE_ATTENTION,,,,,"",,,,""
17.310599,FACE_DETECTOR,,,,,"",,INIT,,""
17.311706,ALARM_NO_FACE,,,,,"",,,true,""
17.312398,FACE_ATTENTION,,,,,"",,,,""
17.350844,FACE_DETECTOR,,,,,"",,INIT,,""
17.351576,ALARM_NO_FACE,,,,,"",,,true,""
17.352074,FACE_ATTENTION,,,,,"",,,,""
17.392709,FACE_DETECTOR,,,,,"",,INIT,,""
17.39367,ALARM_NO_FACE,,,,,"",,,true,""
17.394351,FACE_ATTENTION,,,,,"",,,,""
17.432478,FACE_DETECTOR,,,,,"",,INIT,,""
17.433272,ALARM_NO_FACE,,,,,"",,,true,""
17.433804,FACE_ATTENTION,,,,,"",,,,""
17.47154,FACE_DETECTOR,,,,,"",,INIT,,""
17.472472,ALARM_NO_FACE,,,,,"",,,true,""
17.473147,FACE_ATTENTION,,,,,"",,,,""
17.473988,DATA_AGGREGATOR,,,,,"",,,,""
17.513243,FACE_DETECTOR,,,,,"",,INIT,,""
17.514034,ALARM_NO_FACE,,,,,"",,,true,""
17.514653,FACE_ATTENTION,,,,,"",,,,""
17.553211,FACE_DETECTOR,,,,,"",,INIT,,""
17.554111,ALARM_NO_FACE,,,,,"",,,true,""
17.554782,FACE_ATTENTION,,,,,"",,,,""
17.591845,FACE_DETECTOR,,,,,"",,INIT,,""
17.592572,ALARM_NO_FACE,,,,,"",,,true,""
17.593055,FACE_ATTENTION,,,,,"",,,,""
17.627772,FACE_DETECTOR,,,,,"",,INIT,,""
17.628603,ALARM_NO_FACE,,,,,"",,,true,""
17.629169,FACE_ATTENTION,,,,,"",,,,""
17.665302,FACE_DETECTOR,,,,,"",,INIT,,""
17.666392,ALARM_NO_FACE,,,,,"",,,true,""
17.667142,FACE_ATTENTION,,,,,"",,,,""
17.706534,FACE_DETECTOR,,,,,"",,INIT,,""
17.707468,ALARM_NO_FACE,,,,,"",,,true,""
17.708344,FACE_ATTENTION,,,,,"",,,,""
17.753049,FACE_DETECTOR,,,,,"",,INIT,,""
17.753897,ALARM_NO_FACE,,,,,"",,,true,""
17.754569,FACE_ATTENTION,,,,,"",,,,""
17.792172,FACE_DETECTOR,,,,,"",,INIT,,""
17.793133,ALARM_NO_FACE,,,,,"",,,true,""
17.793797,FACE_ATTENTION,,,,,"",,,,""
17.82829,FACE_DETECTOR,,,,,"",,INIT,,""
17.829121,ALARM_NO_FACE,,,,,"",,,true,""
17.829634,FACE_ATTENTION,,,,,"",,,,""
17.871996,FACE_DETECTOR,,,,,"",,INIT,,""
17.872918,ALARM_NO_FACE,,,,,"",,,true,""
17.873568,FACE_ATTENTION,,,,,"",,,,""
17.914181,FACE_DETECTOR,,,,,"",,INIT,,""
17.914896,ALARM_NO_FACE,,,,,"",,,true,""
17.915375,FACE_ATTENTION,,,,,"",,,,""
17.956618,FACE_DETECTOR,,,,,"",,INIT,,""
17.957408,ALARM_NO_FACE,,,,,"",,,true,""
17.957905,FACE_ATTENTION,,,,,"",,,,""
18.002445,FACE_DETECTOR,,,,,"",,INIT,,""
18.00345,ALARM_NO_FACE,,,,,"",,,true,""
18.004091,FACE_ATTENTION,,,,,"",,,,""
18.047144,FACE_DETECTOR,,,,,"",,INIT,,""
18.048112,ALARM_NO_FACE,,,,,"",,,true,""
18.048792,FACE_ATTENTION,,,,,"",,,,""
18.085786,FACE_DETECTOR,,,,,"",,INIT,,""
18.086642,ALARM_NO_FACE,,,,,"",,,true,""
18.087256,FACE_ATTENTION,,,,,"",,,,""
18.125499,FACE_DETECTOR,,,,,"",,INIT,,""
18.126461,ALARM_NO_FACE,,,,,"",,,true,""
18.12728,FACE_ATTENTION,,,,,"",,,,""
18.166882,FACE_DETECTOR,,,,,"",,INIT,,""
18.167798,ALARM_NO_FACE,,,,,"",,,true,""
18.168374,FACE_ATTENTION,,,,,"",,,,""
18.207585,FACE_DETECTOR,,,,,"",,INIT,,""
18.208504,ALARM_NO_FACE,,,,,"",,,true,""
18.209151,FACE_ATTENTION,,,,,"",,,,""
18.249959,FACE_DETECTOR,,,,,"",,INIT,,""
18.250947,ALARM_NO_FACE,,,,,"",,,true,""
18.251613,FACE_ATTENTION,,,,,"",,,,""
18.292273,FACE_DETECTOR,,,,,"",,INIT,,""
18.293226,ALARM_NO_FACE,,,,,"",,,true,""
18.29391,FACE_ATTENTION,,,,,"",,,,""
18.334457,FACE_DETECTOR,,,,,"",,INIT,,""
18.335435,ALARM_NO_FACE,,,,,"",,,true,""
18.336101,FACE_ATTENTION,,,,,"",,,,""
18.370818,FACE_DETECTOR,,,,,"",,INIT,,""
18.371694,ALARM_NO_FACE,,,,,"",,,true,""
18.372283,FACE_ATTENTION,,,,,"",,,,""
18.406858,FACE_DETECTOR,,,,,"",,INIT,,""
18.407587,ALARM_NO_FACE,,,,,"",,,true,""
18.408065,FACE_ATTENTION,,,,,"",,,,""
18.445769,FACE_DETECTOR,,,,,"",,INIT,,""
18.446872,ALARM_NO_FACE,,,,,"",,,true,""
18.447563,FACE_ATTENTION,,,,,"",,,,""
18.448404,DATA_AGGREGATOR,,,,,"",,,,""
18.488849,FACE_DETECTOR,,,,,"",,INIT,,""
18.489875,ALARM_NO_FACE,,,,,"",,,true,""
18.490643,FACE_ATTENTION,,,,,"",,,,""
18.558664,FACE_DETECTOR,,,,,"",,INIT,,""
18.559615,ALARM_NO_FACE,,,,,"",,,true,""
18.560148,FACE_ATTENTION,,,,,"",,,,""
18.609121,FACE_DETECTOR,,,,,"",,INIT,,""
18.610209,ALARM_NO_FACE,,,,,"",,,true,""
18.610966,FACE_ATTENTION,,,,,"",,,,""
18.649821,FACE_DETECTOR,,,,,"",,INIT,,""
18.650786,ALARM_NO_FACE,,,,,"",,,true,""
18.651359,FACE_ATTENTION,,,,,"",,,,""
18.688671,FACE_DETECTOR,,,,,"",,INIT,,""
18.689704,ALARM_NO_FACE,,,,,"",,,true,""
18.690424,FACE_ATTENTION,,,,,"",,,,""
18.726193,FACE_DETECTOR,,,,,"",,INIT,,""
18.727024,ALARM_NO_FACE,,,,,"",,,true,""
18.727559,FACE_ATTENTION,,,,,"",,,,""
18.771236,FACE_DETECTOR,,,,,"",,INIT,,""
18.77226,ALARM_NO_FACE,,,,,"",,,true,""
18.772915,FACE_ATTENTION,,,,,"",,,,""
18.813495,FACE_DETECTOR,,,,,"",,INIT,,""
18.814632,ALARM_NO_FACE,,,,,"",,,true,""
18.815486,FACE_ATTENTION,,,,,"",,,,""
18.851944,FACE_DETECTOR,,,,,"",,INIT,,""
18.852808,ALARM_NO_FACE,,,,,"",,,true,""
18.853401,FACE_ATTENTION,,,,,"",,,,""
18.890529,FACE_DETECTOR,,,,,"",,INIT,,""
18.891546,ALARM_NO_FACE,,,,,"",,,true,""
18.892201,FACE_ATTENTION,,,,,"",,,,""
18.929989,FACE_DETECTOR,,,,,"",,INIT,,""
18.931081,ALARM_NO_FACE,,,,,"",,,true,""
18.931775,FACE_ATTENTION,,,,,"",,,,""
18.969415,FACE_DETECTOR,,,,,"",,INIT,,""
18.970236,ALARM_NO_FACE,,,,,"",,,true,""
18.970848,FACE_ATTENTION,,,,,"",,,,""
19.012896,FACE_DETECTOR,,,,,"",,INIT,,""
19.014002,ALARM_NO_FACE,,,,,"",,,true,""
19.014744,FACE_ATTENTION,,,,,"",,,,""
19.056821,FACE_DETECTOR,,,,,"",,INIT,,""
19.057986,ALARM_NO_FACE,,,,,"",,,true,""
19.058858,FACE_ATTENTION,,,,,"",,,,""
19.094513,FACE_DETECTOR,,,,,"",,INIT,,""
19.095316,ALARM_NO_FACE,,,,,"",,,true,""
19.095835,FACE_ATTENTION,,,,,"",,,,""
19.136282,FACE_DETECTOR,,,,,"",,INIT,,""
19.137103,ALARM_NO_FACE,,,,,"",,,true,""
19.13846,FACE_ATTENTION,,,,,"",,,,""
19.169343,FACE_DETECTOR,,,,,"",,INIT,,""
19.170063,ALARM_NO_FACE,,,,,"",,,true,""
19.170593,FACE_ATTENTION,,,,,"",,,,""
19.208967,FACE_DETECTOR,,,,,"",,INIT,,""
19.20992,ALARM_NO_FACE,,,,,"",,,true,""
19.210662,FACE_ATTENTION,,,,,"",,,,""
19.242741,FACE_DETECTOR,,,,,"",,INIT,,""
19.243533,ALARM_NO_FACE,,,,,"",,,true,""
19.244062,FACE_ATTENTION,,,,,"",,,,""
19.283777,FACE_DETECTOR,,,,,"",,INIT,,""
19.284568,ALARM_NO_FACE,,,,,"",,,true,""
19.285088,FACE_ATTENTION,,,,,"",,,,""
19.323116,FACE_DETECTOR,,,,,"",,INIT,,""
19.323915,ALARM_NO_FACE,,,,,"",,,true,""
19.324443,FACE_ATTENTION,,,,,"",,,,""
19.363554,FACE_DETECTOR,,,,,"",,INIT,,""
19.364478,ALARM_NO_FACE,,,,,"",,,true,""
19.365108,FACE_ATTENTION,,,,,"",,,,""
19.405722,FACE_DETECTOR,,,,,"",,INIT,,""
19.406778,ALARM_NO_FACE,,,,,"",,,true,""
19.407431,FACE_ATTENTION,,,,,"",,,,""
19.446778,FACE_DETECTOR,,,,,"",,INIT,,""
19.447538,ALARM_NO_FACE,,,,,"",,,true,""
19.448036,FACE_ATTENTION,,,,,"",,,,""
19.448654,DATA_AGGREGATOR,,,,,"",,,,""
19.488204,FACE_DETECTOR,,,,,"",,INIT,,""
19.489252,ALARM_NO_FACE,,,,,"",,,true,""
19.489997,FACE_ATTENTION,,,,,"",,,,""
19.527317,FACE_DETECTOR,,,,,"",,INIT,,""
19.528151,ALARM_NO_FACE,,,,,"",,,true,""
19.528664,FACE_ATTENTION,,,,,"",,,,""
19.56873,FACE_DETECTOR,,,,,"",,INIT,,""
19.569682,ALARM_NO_FACE,,,,,"",,,true,""
19.570468,FACE_ATTENTION,,,,,"",,,,""
19.609077,FACE_DETECTOR,,,,,"",,INIT,,""
19.609861,ALARM_NO_FACE,,,,,"",,,true,""
19.610434,FACE_ATTENTION,,,,,"",,,,""
19.65351,FACE_DETECTOR,,,,,"",,INIT,,""
19.654659,ALARM_NO_FACE,,,,,"",,,true,""
19.655447,FACE_ATTENTION,,,,,"",,,,""
19.695571,FACE_DETECTOR,,,,,"",,INIT,,""
19.696574,ALARM_NO_FACE,,,,,"",,,true,""
19.697279,FACE_ATTENTION,,,,,"",,,,""
19.73621,FACE_DETECTOR,,,,,"",,INIT,,""
19.737147,ALARM_NO_FACE,,,,,"",,,true,""
19.737797,FACE_ATTENTION,,,,,"",,,,""
19.777286,FACE_DETECTOR,,,,,"",,INIT,,""
19.778053,ALARM_NO_FACE,,,,,"",,,true,""
19.778714,FACE_ATTENTION,,,,,"",,,,""
19.816472,FACE_DETECTOR,,,,,"",,INIT,,""
19.817295,ALARM_NO_FACE,,,,,"",,,true,""
19.817889,FACE_ATTENTION,,,,,"",,,,""
19.856996,FACE_DETECTOR,,,,,"",,INIT,,""
19.858099,ALARM_NO_FACE,,,,,"",,,true,""
19.85898,FACE_ATTENTION,,,,,"",,,,""
19.908399,FACE_DETECTOR,,,,,"",,INIT,,""
19.909208,ALARM_NO_FACE,,,,,"",,,true,""
19.909743,FACE_ATTENTION,,,,,"",,,,""
19.951135,FACE_DETECTOR,,,,,"",,INIT,,""
19.952161,ALARM_NO_FACE,,,,,"",,,true,""
19.952912,FACE_ATTENTION,,,,,"",,,,""
19.994986,FACE_DETECTOR,,,,,"",,INIT,,""
19.995976,ALARM_NO_FACE,,,,,"",,,true,""
19.996628,FACE_ATTENTION,,,,,"",,,,""
20.035735,FACE_DETECTOR,,,,,"",,INIT,,""
20.036748,ALARM_NO_FACE,,,,,"",,,true,""
20.037375,FACE_ATTENTION,,,,,"",,,,""
20.098938,FACE_DETECTOR,,,,,"",,INIT,,""
20.100052,ALARM_NO_FACE,,,,,"",,,true,""
20.100685,FACE_ATTENTION,,,,,"",,,,""
20.14959,FACE_DETECTOR,,,,,"",,INIT,,""
20.150815,ALARM_NO_FACE,,,,,"",,,true,""
20.151594,FACE_ATTENTION,,,,,"",,,,""
20.193387,FACE_DETECTOR,,,,,"",,INIT,,""
20.195015,ALARM_NO_FACE,,,,,"",,,true,""
20.195883,FACE_ATTENTION,,,,,"",,,,""
20.233934,FACE_DETECTOR,,,,,"",,INIT,,""
20.23483,ALARM_NO_FACE,,,,,"",,,true,""
20.235411,FACE_ATTENTION,,,,,"",,,,""
20.274769,FACE_DETECTOR,,,,,"",,INIT,,""
20.275937,ALARM_NO_FACE,,,,,"",,,true,""
20.276801,FACE_ATTENTION,,,,,"",,,,""
20.315357,FACE_DETECTOR,,,,,"",,INIT,,""
20.31646,ALARM_NO_FACE,,,,,"",,,true,""
20.317249,FACE_ATTENTION,,,,,"",,,,""
20.35359,FACE_DETECTOR,,,,,"",,INIT,,""
20.354857,ALARM_NO_FACE,,,,,"",,,true,""
20.355668,FACE_ATTENTION,,,,,"",,,,""
20.39318,FACE_DETECTOR,,,,,"",,INIT,,""
20.394198,ALARM_NO_FACE,,,,,"",,,true,""
20.394927,FACE_ATTENTION,,,,,"",,,,""
20.42931,FACE_DETECTOR,,,,,"",,INIT,,""
20.430257,ALARM_NO_FACE,,,,,"",,,true,""
20.431092,FACE_ATTENTION,,,,,"",,,,""
20.467961,FACE_DETECTOR,,,,,"",,INIT,,""
20.468989,ALARM_NO_FACE,,,,,"",,,true,""
20.469743,FACE_ATTENTION,,,,,"",,,,""
20.470681,DATA_AGGREGATOR,,,,,"",,,,""
20.507827,FACE_DETECTOR,,,,,"",,INIT,,""
20.508812,ALARM_NO_FACE,,,,,"",,,true,""
20.509498,FACE_ATTENTION,,,,,"",,,,""
20.547984,FACE_DETECTOR,,,,,"",,INIT,,""
20.549039,ALARM_NO_FACE,,,,,"",,,true,""
20.549858,FACE_ATTENTION,,,,,"",,,,""
20.588766,FACE_DETECTOR,,,,,"",,INIT,,""
20.589705,ALARM_NO_FACE,,,,,"",,,true,""
20.590394,FACE_ATTENTION,,,,,"",,,,""
20.627892,FACE_DETECTOR,,,,,"",,INIT,,""
20.628917,ALARM_NO_FACE,,,,,"",,,true,""
20.629646,FACE_ATTENTION,,,,,"",,,,""
20.669683,FACE_DETECTOR,,,,,"",,INIT,,""
20.67049,ALARM_NO_FACE,,,,,"",,,true,""
20.671279,FACE_ATTENTION,,,,,"",,,,""
20.712118,FACE_DETECTOR,,,,,"",,INIT,,""
20.722501,ALARM_NO_FACE,,,,,"",,,true,""
20.723277,FACE_ATTENTION,,,,,"",,,,""
20.760353,FACE_DETECTOR,,,,,"",,INIT,,""
20.761206,ALARM_NO_FACE,,,,,"",,,true,""
20.761777,FACE_ATTENTION,,,,,"",,,,""
20.80158,FACE_DETECTOR,,,,,"",,INIT,,""
20.80273,ALARM_NO_FACE,,,,,"",,,true,""
20.803486,FACE_ATTENTION,,,,,"",,,,""
20.842354,FACE_DETECTOR,,,,,"",,INIT,,""
20.843394,ALARM_NO_FACE,,,,,"",,,true,""
20.844069,FACE_ATTENTION,,,,,"",,,,""
20.882544,FACE_DETECTOR,,,,,"",,INIT,,""
20.883753,ALARM_NO_FACE,,,,,"",,,true,""
20.884598,FACE_ATTENTION,,,,,"",,,,""
20.92168,FACE_DETECTOR,,,,,"",,INIT,,""
20.922601,ALARM_NO_FACE,,,,,"",,,true,""
20.923197,FACE_ATTENTION,,,,,"",,,,""
20.960694,FACE_DETECTOR,,,,,"",,INIT,,""
20.961906,ALARM_NO_FACE,,,,,"",,,true,""
20.96277,FACE_ATTENTION,,,,,"",,,,""
21.000765,FACE_DETECTOR,,,,,"",,INIT,,""
21.001754,ALARM_NO_FACE,,,,,"",,,true,""
21.002443,FACE_ATTENTION,,,,,"",,,,""
21.046169,FACE_DETECTOR,,,,,"",,INIT,,""
21.047294,ALARM_NO_FACE,,,,,"",,,true,""
21.048196,FACE_ATTENTION,,,,,"",,,,""
21.091296,FACE_DETECTOR,,,,,"",,INIT,,""
21.092466,ALARM_NO_FACE,,,,,"",,,true,""
21.093153,FACE_ATTENTION,,,,,"",,,,""
21.12967,FACE_DETECTOR,,,,,"",,INIT,,""
21.13056,ALARM_NO_FACE,,,,,"",,,true,""
21.13117,FACE_ATTENTION,,,,,"",,,,""
21.172247,FACE_DETECTOR,,,,,"",,INIT,,""
21.173343,ALARM_NO_FACE,,,,,"",,,true,""
21.174062,FACE_ATTENTION,,,,,"",,,,""
21.213035,FACE_DETECTOR,,,,,"",,INIT,,""
21.214195,ALARM_NO_FACE,,,,,"",,,true,""
21.21491,FACE_ATTENTION,,,,,"",,,,""
21.255208,FACE_DETECTOR,,,,,"",,INIT,,""
21.256164,ALARM_NO_FACE,,,,,"",,,true,""
21.256768,FACE_ATTENTION,,,,,"",,,,""
21.295722,FACE_DETECTOR,,,,,"",,INIT,,""
21.296593,ALARM_NO_FACE,,,,,"",,,true,""
21.297259,FACE_ATTENTION,,,,,"",,,,""
21.335902,FACE_DETECTOR,,,,,"",,INIT,,""
21.336911,ALARM_NO_FACE,,,,,"",,,true,""
21.337585,FACE_ATTENTION,,,,,"",,,,""
21.370168,FACE_DETECTOR,,,,,"",,INIT,,""
21.371007,ALARM_NO_FACE,,,,,"",,,true,""
21.371512,FACE_ATTENTION,,,,,"",,,,""
21.407877,FACE_DETECTOR,,,,,"",,INIT,,""
21.40888,ALARM_NO_FACE,,,,,"",,,true,""
21.409569,FACE_ATTENTION,,,,,"",,,,""
21.447556,FACE_DETECTOR,,,,,"",,INIT,,""
21.44848,ALARM_NO_FACE,,,,,"",,,true,""
21.44909,FACE_ATTENTION,,,,,"",,,,""
21.449573,DATA_AGGREGATOR,,,,,"",,,,""
21.489307,FACE_DETECTOR,,,,,"",,INIT,,""
21.490405,ALARM_NO_FACE,,,,,"",,,true,""
21.491239,FACE_ATTENTION,,,,,"",,,,""
21.53538,FACE_DETECTOR,,,,,"",,INIT,,""
21.536587,ALARM_NO_FACE,,,,,"",,,true,""
21.537416,FACE_ATTENTION,,,,,"",,,,""
21.58018,FACE_DETECTOR,,,,,"",,INIT,,""
21.581033,ALARM_NO_FACE,,,,,"",,,true,""
21.581578,FACE_ATTENTION,,,,,"",,,,""
21.647089,FACE_DETECTOR,,,,,"",,INIT,,""
21.648122,ALARM_NO_FACE,,,,,"",,,true,""
21.648733,FACE_ATTENTION,,,,,"",,,,""
21.700903,FACE_DETECTOR,,,,,"",,INIT,,""
21.702063,ALARM_NO_FACE,,,,,"",,,true,""
21.702786,FACE_ATTENTION,,,,,"",,,,""
21.746447,FACE_DETECTOR,,,,,"",,INIT,,""
21.747427,ALARM_NO_FACE,,,,,"",,,true,""
21.748113,FACE_ATTENTION,,,,,"",,,,""
21.784854,FACE_DETECTOR,,,,,"",,INIT,,""
21.785769,ALARM_NO_FACE,,,,,"",,,true,""
21.786335,FACE_ATTENTION,,,,,"",,,,""
21.828337,FACE_DETECTOR,,,,,"",,INIT,,""
21.829334,ALARM_NO_FACE,,,,,"",,,true,""
21.829957,FACE_ATTENTION,,,,,"",,,,""
21.866925,FACE_DETECTOR,,,,,"",,INIT,,""
21.86776,ALARM_NO_FACE,,,,,"",,,true,""
21.868327,FACE_ATTENTION,,,,,"",,,,""
21.904962,FACE_DETECTOR,,,,,"",,INIT,,""
21.905965,ALARM_NO_FACE,,,,,"",,,true,""
21.906738,FACE_ATTENTION,,,,,"",,,,""
21.946789,FACE_DETECTOR,,,,,"",,INIT,,""
21.947699,ALARM_NO_FACE,,,,,"",,,true,""
21.948345,FACE_ATTENTION,,,,,"",,,,""
21.986824,FACE_DETECTOR,,,,,"",,INIT,,""
21.987699,ALARM_NO_FACE,,,,,"",,,true,""
21.988322,FACE_ATTENTION,,,,,"",,,,""
22.026721,FACE_DETECTOR,,,,,"",,INIT,,""
22.027584,ALARM_NO_FACE,,,,,"",,,true,""
22.02818,FACE_ATTENTION,,,,,"",,,,""
22.069651,FACE_DETECTOR,,,,,"",,INIT,,""
22.070626,ALARM_NO_FACE,,,,,"",,,true,""
22.07126,FACE_ATTENTION,,,,,"",,,,""
22.104251,FACE_DETECTOR,,,,,"",,INIT,,""
22.105008,ALARM_NO_FACE,,,,,"",,,true,""
22.105517,FACE_ATTENTION,,,,,"",,,,""
22.142091,FACE_DETECTOR,,,,,"",,INIT,,""
22.1431,ALARM_NO_FACE,,,,,"",,,true,""
22.143817,FACE_ATTENTION,,,,,"",,,,""
22.180822,FACE_DETECTOR,,,,,"",,INIT,,""
22.181307,ALARM_NO_FACE,,,,,"",,,true,""
22.181781,FACE_ATTENTION,,,,,"",,,,""
22.219122,FACE_DETECTOR,,,,,"",,INIT,,""
22.221109,ALARM_NO_FACE,,,,,"",,,true,""
22.221761,FACE_ATTENTION,,,,,"",,,,""
22.259759,FACE_DETECTOR,,,,,"",,INIT,,""
22.26061,ALARM_NO_FACE,,,,,"",,,true,""
22.26116,FACE_ATTENTION,,,,,"",,,,""
22.299418,FACE_DETECTOR,,,,,"",,INIT,,""
22.300392,ALARM_NO_FACE,,,,,"",,,true,""
22.301054,FACE_ATTENTION,,,,,"",,,,""
22.341121,FACE_DETECTOR,,,,,"",,INIT,,""
22.34212,ALARM_NO_FACE,,,,,"",,,true,""
22.342816,FACE_ATTENTION,,,,,"",,,,""
22.381155,FACE_DETECTOR,,,,,"",,INIT,,""
22.382162,ALARM_NO_FACE,,,,,"",,,true,""
22.382884,FACE_ATTENTION,,,,,"",,,,""
22.422086,FACE_DETECTOR,,,,,"",,INIT,,""
22.423101,ALARM_NO_FACE,,,,,"",,,true,""
22.423812,FACE_ATTENTION,,,,,"",,,,""
22.464038,FACE_DETECTOR,,,,,"",,INIT,,""
22.464988,ALARM_NO_FACE,,,,,"",,,true,""
22.465572,FACE_ATTENTION,,,,,"",,,,""
22.466344,DATA_AGGREGATOR,,,,,"",,,,""
22.505281,FACE_DETECTOR,,,,,"",,INIT,,""
22.506385,ALARM_NO_FACE,,,,,"",,,true,""
22.507152,FACE_ATTENTION,,,,,"",,,,""
22.549271,FACE_DETECTOR,,,,,"",,INIT,,""
22.550349,ALARM_NO_FACE,,,,,"",,,true,""
22.551047,FACE_ATTENTION,,,,,"",,,,""
22.589897,FACE_DETECTOR,,,,,"",,INIT,,""
22.591043,ALARM_NO_FACE,,,,,"",,,true,""
22.591791,FACE_ATTENTION,,,,,"",,,,""
22.630172,FACE_DETECTOR,,,,,"",,INIT,,""
22.630935,ALARM_NO_FACE,,,,,"",,,true,""
22.631437,FACE_ATTENTION,,,,,"",,,,""
22.672556,FACE_DETECTOR,,,,,"",,INIT,,""
22.673493,ALARM_NO_FACE,,,,,"",,,true,""
22.674146,FACE_ATTENTION,,,,,"",,,,""
22.712576,FACE_DETECTOR,,,,,"",,INIT,,""
22.713451,ALARM_NO_FACE,,,,,"",,,true,""
22.714075,FACE_ATTENTION,,,,,"",,,,""
22.753658,FACE_DETECTOR,,,,,"",,INIT,,""
22.754453,ALARM_NO_FACE,,,,,"",,,true,""
22.754957,FACE_ATTENTION,,,,,"",,,,""
22.786932,FACE_DETECTOR,,,,,"",,INIT,,""
22.787639,ALARM_NO_FACE,,,,,"",,,true,""
22.788089,FACE_ATTENTION,,,,,"",,,,""
22.823479,FACE_DETECTOR,,,,,"",,INIT,,""
22.824252,ALARM_NO_FACE,,,,,"",,,true,""
22.824783,FACE_ATTENTION,,,,,"",,,,""
22.861705,FACE_DETECTOR,,,,,"",,INIT,,""
22.86295,ALARM_NO_FACE,,,,,"",,,true,""
22.863644,FACE_ATTENTION,,,,,"",,,,""
22.901171,FACE_DETECTOR,,,,,"",,INIT,,""
22.902016,ALARM_NO_FACE,,,,,"",,,true,""
22.902657,FACE_ATTENTION,,,,,"",,,,""
22.939855,FACE_DETECTOR,,,,,"",,INIT,,""
22.940789,ALARM_NO_FACE,,,,,"",,,true,""
22.941406,FACE_ATTENTION,,,,,"",,,,""
22.980595,FACE_DETECTOR,,,,,"",,INIT,,""
22.981581,ALARM_NO_FACE,,,,,"",,,true,""
22.982276,FACE_ATTENTION,,,,,"",,,,""
23.022943,FACE_DETECTOR,,,,,"",,INIT,,""
23.023979,ALARM_NO_FACE,,,,,"",,,true,""
23.024693,FACE_ATTENTION,,,,,"",,,,""
23.067319,FACE_DETECTOR,,,,,"",,INIT,,""
23.068255,ALARM_NO_FACE,,,,,"",,,true,""
23.068822,FACE_ATTENTION,,,,,"",,,,""
23.107727,FACE_DETECTOR,,,,,"",,INIT,,""
23.108718,ALARM_NO_FACE,,,,,"",,,true,""
23.109342,FACE_ATTENTION,,,,,"",,,,""
23.173243,FACE_DETECTOR,,,,,"",,INIT,,""
23.174447,ALARM_NO_FACE,,,,,"",,,true,""
23.175055,FACE_ATTENTION,,,,,"",,,,""
23.220878,FACE_DETECTOR,,,,,"",,INIT,,""
23.221739,ALARM_NO_FACE,,,,,"",,,true,""
23.2223,FACE_ATTENTION,,,,,"",,,,""
23.259567,FACE_DETECTOR,,,,,"",,INIT,,""
23.260698,ALARM_NO_FACE,,,,,"",,,true,""
23.261379,FACE_ATTENTION,,,,,"",,,,""
23.297364,FACE_DETECTOR,,,,,"",,INIT,,""
23.298366,ALARM_NO_FACE,,,,,"",,,true,""
23.299114,FACE_ATTENTION,,,,,"",,,,""
23.335913,FACE_DETECTOR,,,,,"",,INIT,,""
23.336698,ALARM_NO_FACE,,,,,"",,,true,""
23.337231,FACE_ATTENTION,,,,,"",,,,""
23.375311,FACE_DETECTOR,,,,,"",,INIT,,""
23.376314,ALARM_NO_FACE,,,,,"",,,true,""
23.376975,FACE_ATTENTION,,,,,"",,,,""
23.417206,FACE_DETECTOR,,,,,"",,INIT,,""
23.418,ALARM_NO_FACE,,,,,"",,,true,""
23.418579,FACE_ATTENTION,,,,,"",,,,""
23.456337,FACE_DETECTOR,,,,,"",,INIT,,""
23.457301,ALARM_NO_FACE,,,,,"",,,true,""
23.457991,FACE_ATTENTION,,,,,"",,,,""
23.458946,DATA_AGGREGATOR,,,,,"",,,,""
23.492517,FACE_DETECTOR,,,,,"",,INIT,,""
23.493443,ALARM_NO_FACE,,,,,"",,,true,""
23.494192,FACE_ATTENTION,,,,,"",,,,""
23.527942,FACE_DETECTOR,,,,,"",,INIT,,""
23.528664,ALARM_NO_FACE,,,,,"",,,true,""
23.52912,FACE_ATTENTION,,,,,"",,,,""
23.566586,FACE_DETECTOR,,,,,"",,INIT,,""
23.567672,ALARM_NO_FACE,,,,,"",,,true,""
23.568438,FACE_ATTENTION,,,,,"",,,,""
23.611602,FACE_DETECTOR,,,,,"",,INIT,,""
23.612487,ALARM_NO_FACE,,,,,"",,,true,""
23.613092,FACE_ATTENTION,,,,,"",,,,""
23.655383,FACE_DETECTOR,,,,,"",,INIT,,""
23.656203,ALARM_NO_FACE,,,,,"",,,true,""
23.656781,FACE_ATTENTION,,,,,"",,,,""
23.697025,FACE_DETECTOR,,,,,"",,INIT,,""
23.697924,ALARM_NO_FACE,,,,,"",,,true,""
23.698598,FACE_ATTENTION,,,,,"",,,,""
23.738416,FACE_DETECTOR,,,,,"",,INIT,,""
23.739221,ALARM_NO_FACE,,,,,"",,,true,""
23.739758,FACE_ATTENTION,,,,,"",,,,""
23.777228,FACE_DETECTOR,,,,,"",,INIT,,""
23.778131,ALARM_NO_FACE,,,,,"",,,true,""
23.778764,FACE_ATTENTION,,,,,"",,,,""
23.813374,FACE_DETECTOR,,,,,"",,INIT,,""
23.814144,ALARM_NO_FACE,,,,,"",,,true,""
23.814699,FACE_ATTENTION,,,,,"",,,,""
23.850787,FACE_DETECTOR,,,,,"",,INIT,,""
23.851511,ALARM_NO_FACE,,,,,"",,,true,""
23.851992,FACE_ATTENTION,,,,,"",,,,""
23.888119,FACE_DETECTOR,,,,,"",,INIT,,""
23.889142,ALARM_NO_FACE,,,,,"",,,true,""
23.889928,FACE_ATTENTION,,,,,"",,,,""
23.92812,FACE_DETECTOR,,,,,"",,INIT,,""
23.928976,ALARM_NO_FACE,,,,,"",,,true,""
23.929556,FACE_ATTENTION,,,,,"",,,,""
23.968993,FACE_DETECTOR,,,,,"",,INIT,,""
23.970017,ALARM_NO_FACE,,,,,"",,,true,""
23.970955,FACE_ATTENTION,,,,,"",,,,""
24.009418,FACE_DETECTOR,,,,,"",,INIT,,""
24.010224,ALARM_NO_FACE,,,,,"",,,true,""
24.010782,FACE_ATTENTION,,,,,"",,,,""
24.040499,FACE_DETECTOR,,,,,"",,INIT,,""
24.041134,ALARM_NO_FACE,,,,,"",,,true,""
24.041596,FACE_ATTENTION,,,,,"",,,,""
24.073161,FACE_DETECTOR,,,,,"",,INIT,,""
24.074016,ALARM_NO_FACE,,,,,"",,,true,""
24.074617,FACE_ATTENTION,,,,,"",,,,""
24.102944,FACE_DETECTOR,,,,,"",,INIT,,""
24.103716,ALARM_NO_FACE,,,,,"",,,true,""
24.104281,FACE_ATTENTION,,,,,"",,,,""
24.133477,FACE_DETECTOR,,,,,"",,INIT,,""
24.134221,ALARM_NO_FACE,,,,,"",,,true,""
24.13477,FACE_ATTENTION,,,,,"",,,,""
24.167089,FACE_DETECTOR,,,,,"",,INIT,,""
24.167855,ALARM_NO_FACE,,,,,"",,,true,""
24.168353,FACE_ATTENTION,,,,,"",,,,""
24.198797,FACE_DETECTOR,,,,,"",,INIT,,""
24.19941,ALARM_NO_FACE,,,,,"",,,true,""
24.199814,FACE_ATTENTION,,,,,"",,,,""
24.232884,FACE_DETECTOR,,,,,"",,INIT,,""
24.233579,ALARM_NO_FACE,,,,,"",,,true,""
24.234053,FACE_ATTENTION,,,,,"",,,,""
24.26617,FACE_DETECTOR,,,,,"",,INIT,,""
24.267023,ALARM_NO_FACE,,,,,"",,,true,""
24.267574,FACE_ATTENTION,,,,,"",,,,""
24.301502,FACE_DETECTOR,,,,,"",,INIT,,""
24.302366,ALARM_NO_FACE,,,,,"",,,true,""
24.303002,FACE_ATTENTION,,,,,"",,,,""
24.331456,FACE_DETECTOR,,,,,"",,INIT,,""
24.332147,ALARM_NO_FACE,,,,,"",,,true,""
24.332777,FACE_ATTENTION,,,,,"",,,,""
24.367291,FACE_DETECTOR,,,,,"",,INIT,,""
24.368511,ALARM_NO_FACE,,,,,"",,,true,""
24.369051,FACE_ATTENTION,,,,,"",,,,""
24.402338,FACE_DETECTOR,,,,,"",,INIT,,""
24.403123,ALARM_NO_FACE,,,,,"",,,true,""
24.403708,FACE_ATTENTION,,,,,"",,,,""
24.434337,FACE_DETECTOR,,,,,"",,INIT,,""
24.435082,ALARM_NO_FACE,,,,,"",,,true,""
24.43554,FACE_ATTENTION,,,,,"",,,,""
24.469565,FACE_DETECTOR,,,,,"",,INIT,,""
24.470681,ALARM_NO_FACE,,,,,"",,,true,""
24.471214,FACE_ATTENTION,,,,,"",,,,""
24.471891,DATA_AGGREGATOR,,,,,"",,,,""
24.50045,FACE_DETECTOR,,,,,"",,INIT,,""
24.50112,ALARM_NO_FACE,,,,,"",,,true,""
24.501593,FACE_ATTENTION,,,,,"",,,,""
24.559342,FACE_DETECTOR,,,,,"",,INIT,,""
24.560063,ALARM_NO_FACE,,,,,"",,,true,""
24.560434,FACE_ATTENTION,,,,,"",,,,""
24.628556,FACE_DETECTOR,,,,,"",,INIT,,""
24.629686,ALARM_NO_FACE,,,,,"",,,true,""
24.630474,FACE_ATTENTION,,,,,"",,,,""
24.675721,FACE_DETECTOR,,,,,"",,INIT,,""
24.676864,ALARM_NO_FACE,,,,,"",,,true,""
24.67763,FACE_ATTENTION,,,,,"",,,,""
24.713913,FACE_DETECTOR,,,,,"",,INIT,,""
24.715015,ALARM_NO_FACE,,,,,"",,,true,""
24.715741,FACE_ATTENTION,,,,,"",,,,""
24.756419,FACE_DETECTOR,,,,,"",,INIT,,""
24.757348,ALARM_NO_FACE,,,,,"",,,true,""
24.758052,FACE_ATTENTION,,,,,"",,,,""
24.793203,FACE_DETECTOR,,,,,"",,INIT,,""
24.794149,ALARM_NO_FACE,,,,,"",,,true,""
24.794841,FACE_ATTENTION,,,,,"",,,,""
24.831671,FACE_DETECTOR,,,,,"",,INIT,,""
24.832848,ALARM_NO_FACE,,,,,"",,,true,""
24.833753,FACE_ATTENTION,,,,,"",,,,""
24.87456,FACE_DETECTOR,,,,,"",,INIT,,""
24.875611,ALARM_NO_FACE,,,,,"",,,true,""
24.876396,FACE_ATTENTION,,,,,"",,,,""
24.915959,FACE_DETECTOR,,,,,"",,INIT,,""
24.916761,ALARM_NO_FACE,,,,,"",,,true,""
24.917269,FACE_ATTENTION,,,,,"",,,,""
24.956301,FACE_DETECTOR,,,,,"",,INIT,,""
24.957322,ALARM_NO_FACE,,,,,"",,,true,""
24.958006,FACE_ATTENTION,,,,,"",,,,""
24.998167,FACE_DETECTOR,,,,,"",,INIT,,""
24.999242,ALARM_NO_FACE,,,,,"",,,true,""
24.999904,FACE_ATTENTION,,,,,"",,,,""
25.039371,FACE_DETECTOR,,,,,"",,INIT,,""
25.040599,ALARM_NO_FACE,,,,,"",,,true,""
25.04237,FACE_ATTENTION,,,,,"",,,,""
25.083609,FACE_DETECTOR,,,,,"",,INIT,,""
25.084572,ALARM_NO_FACE,,,,,"",,,true,""
25.08522,FACE_ATTENTION,,,,,"",,,,""
25.124318,FACE_DETECTOR,,,,,"",,INIT,,""
25.125314,ALARM_NO_FACE,,,,,"",,,true,""
25.126132,FACE_ATTENTION,,,,,"",,,,""
25.167715,FACE_DETECTOR,,,,,"",,INIT,,""
25.169057,ALARM_NO_FACE,,,,,"",,,true,""
25.179387,FACE_ATTENTION,,,,,"",,,,""
25.222179,FACE_DETECTOR,,,,,"",,INIT,,""
25.223049,ALARM_NO_FACE,,,,,"",,,true,""
25.223574,FACE_ATTENTION,,,,,"",,,,""
25.259068,FACE_DETECTOR,,,,,"",,INIT,,""
25.259945,ALARM_NO_FACE,,,,,"",,,true,""
25.260504,FACE_ATTENTION,,,,,"",,,,""
25.307013,FACE_DETECTOR,,,,,"",,INIT,,""
25.307959,ALARM_NO_FACE,,,,,"",,,true,""
25.30858,FACE_ATTENTION,,,,,"",,,,""
25.349233,FACE_DETECTOR,,,,,"",,INIT,,""
25.350109,ALARM_NO_FACE,,,,,"",,,true,""
25.350785,FACE_ATTENTION,,,,,"",,,,""
25.3884,FACE_DETECTOR,,,,,"",,INIT,,""
25.389334,ALARM_NO_FACE,,,,,"",,,true,""
25.390008,FACE_ATTENTION,,,,,"",,,,""
25.428799,FACE_DETECTOR,,,,,"",,INIT,,""
25.429701,ALARM_NO_FACE,,,,,"",,,true,""
25.430413,FACE_ATTENTION,,,,,"",,,,""
25.467624,FACE_DETECTOR,,,,,"",,INIT,,""
25.46844,ALARM_NO_FACE,,,,,"",,,true,""
25.469006,FACE_ATTENTION,,,,,"",,,,""
25.46975,DATA_AGGREGATOR,,,,,"",,,,""
25.505464,FACE_DETECTOR,,,,,"",,INIT,,""
25.506426,ALARM_NO_FACE,,,,,"",,,true,""
25.507087,FACE_ATTENTION,,,,,"",,,,""
25.545346,FACE_DETECTOR,,,,,"",,INIT,,""
25.546272,ALARM_NO_FACE,,,,,"",,,true,""
25.546947,FACE_ATTENTION,,,,,"",,,,""
25.586217,FACE_DETECTOR,,,,,"",,INIT,,""
25.587246,ALARM_NO_FACE,,,,,"",,,true,""
25.587964,FACE_ATTENTION,,,,,"",,,,""
25.629025,FACE_DETECTOR,,,,,"",,INIT,,""
25.629912,ALARM_NO_FACE,,,,,"",,,true,""
25.630637,FACE_ATTENTION,,,,,"",,,,""
25.66816,FACE_DETECTOR,,,,,"",,INIT,,""
25.668905,ALARM_NO_FACE,,,,,"",,,true,""
25.669385,FACE_ATTENTION,,,,,"",,,,""
25.709122,FACE_DETECTOR,,,,,"",,INIT,,""
25.709998,ALARM_NO_FACE,,,,,"",,,true,""
25.710632,FACE_ATTENTION,,,,,"",,,,""
25.751234,FACE_DETECTOR,,,,,"",,INIT,,""
25.752143,ALARM_NO_FACE,,,,,"",,,true,""
25.752767,FACE_ATTENTION,,,,,"",,,,""
25.794282,FACE_DETECTOR,,,,,"",,INIT,,""
25.79516,ALARM_NO_FACE,,,,,"",,,true,""
25.795732,FACE_ATTENTION,,,,,"",,,,""
25.832741,FACE_DETECTOR,,,,,"",,INIT,,""
25.833558,ALARM_NO_FACE,,,,,"",,,true,""
25.834092,FACE_ATTENTION,,,,,"",,,,""
25.872371,FACE_DETECTOR,,,,,"",,INIT,,""
25.873373,ALARM_NO_FACE,,,,,"",,,true,""
25.874111,FACE_ATTENTION,,,,,"",,,,""
25.917341,FACE_DETECTOR,,,,,"",,INIT,,""
25.918196,ALARM_NO_FACE,,,,,"",,,true,""
25.918937,FACE_ATTENTION,,,,,"",,,,""
25.960854,FACE_DETECTOR,,,,,"",,INIT,,""
25.961865,ALARM_NO_FACE,,,,,"",,,true,""
25.962603,FACE_ATTENTION,,,,,"",,,,""
26.000016,FACE_DETECTOR,,,,,"",,INIT,,""
26.001075,ALARM_NO_FACE,,,,,"",,,true,""
26.001794,FACE_ATTENTION,,,,,"",,,,""
26.04088,FACE_DETECTOR,,,,,"",,INIT,,""
26.041872,ALARM_NO_FACE,,,,,"",,,true,""
26.042611,FACE_ATTENTION,,,,,"",,,,""
26.082096,FACE_DETECTOR,,,,,"",,INIT,,""
26.083159,ALARM_NO_FACE,,,,,"",,,true,""
26.08385,FACE_ATTENTION,,,,,"",,,,""
26.141616,FACE_DETECTOR,,,,,"",,INIT,,""
26.142614,ALARM_NO_FACE,,,,,"",,,true,""
26.143149,FACE_ATTENTION,,,,,"",,,,""
26.189298,FACE_DETECTOR,,,,,"",,INIT,,""
26.190355,ALARM_NO_FACE,,,,,"",,,true,""
26.191102,FACE_ATTENTION,,,,,"",,,,""
26.229425,FACE_DETECTOR,,,,,"",,INIT,,""
26.230206,ALARM_NO_FACE,,,,,"",,,true,""
26.230786,FACE_ATTENTION,,,,,"",,,,""
26.268371,FACE_DETECTOR,,,,,"",,INIT,,""
26.269411,ALARM_NO_FACE,,,,,"",,,true,""
26.27021,FACE_ATTENTION,,,,,"",,,,""
26.307049,FACE_DETECTOR,,,,,"",,INIT,,""
26.307737,ALARM_NO_FACE,,,,,"",,,true,""
26.308169,FACE_ATTENTION,,,,,"",,,,""
26.341372,FACE_DETECTOR,,,,,"",,INIT,,""
26.34211,ALARM_NO_FACE,,,,,"",,,true,""
26.34263,FACE_ATTENTION,,,,,"",,,,""
26.380336,FACE_DETECTOR,,,,,"",,INIT,,""
26.381277,ALARM_NO_FACE,,,,,"",,,true,""
26.381901,FACE_ATTENTION,,,,,"",,,,""
26.421491,FACE_DETECTOR,,,,,"",,INIT,,""
26.422473,ALARM_NO_FACE,,,,,"",,,true,""
26.423146,FACE_ATTENTION,,,,,"",,,,""
26.468013,FACE_DETECTOR,,,,,"",,INIT,,""
26.468981,ALARM_NO_FACE,,,,,"",,,true,""
26.469674,FACE_ATTENTION,,,,,"",,,,""
26.470651,DATA_AGGREGATOR,,,,,"",,,,""
26.514132,FACE_DETECTOR,,,,,"",,INIT,,""
26.515141,ALARM_NO_FACE,,,,,"",,,true,""
26.515874,FACE_ATTENTION,,,,,"",,,,""
26.556185,FACE_DETECTOR,,,,,"",,INIT,,""
26.557067,ALARM_NO_FACE,,,,,"",,,true,""
26.557679,FACE_ATTENTION,,,,,"",,,,""
26.596121,FACE_DETECTOR,,,,,"",,INIT,,""
26.596978,ALARM_NO_FACE,,,,,"",,,true,""
26.597617,FACE_ATTENTION,,,,,"",,,,""
26.637607,FACE_DETECTOR,,,,,"",,INIT,,""
26.638575,ALARM_NO_FACE,,,,,"",,,true,""
26.639247,FACE_ATTENTION,,,,,"",,,,""
26.678604,FACE_DETECTOR,,,,,"",,INIT,,""
26.679549,ALARM_NO_FACE,,,,,"",,,true,""
26.68025,FACE_ATTENTION,,,,,"",,,,""
26.720695,FACE_DETECTOR,,,,,"",,INIT,,""
26.721458,ALARM_NO_FACE,,,,,"",,,true,""
26.722006,FACE_ATTENTION,,,,,"",,,,""
26.757506,FACE_DETECTOR,,,,,"",,INIT,,""
26.758349,ALARM_NO_FACE,,,,,"",,,true,""
26.758934,FACE_ATTENTION,,,,,"",,,,""
26.794471,FACE_DETECTOR,,,,,"",,INIT,,""
26.795368,ALARM_NO_FACE,,,,,"",,,true,""
26.796005,FACE_ATTENTION,,,,,"",,,,""
26.838987,FACE_DETECTOR,,,,,"",,INIT,,""
26.839944,ALARM_NO_FACE,,,,,"",,,true,""
26.840608,FACE_ATTENTION,,,,,"",,,,""
26.882474,FACE_DETECTOR,,,,,"",,INIT,,""
26.883486,ALARM_NO_FACE,,,,,"",,,true,""
26.884211,FACE_ATTENTION,,,,,"",,,,""
26.922836,FACE_DETECTOR,,,,,"",,INIT,,""
26.923635,ALARM_NO_FACE,,,,,"",,,true,""
26.924146,FACE_ATTENTION,,,,,"",,,,""
26.964523,FACE_DETECTOR,,,,,"",,INIT,,""
26.965503,ALARM_NO_FACE,,,,,"",,,true,""
26.966239,FACE_ATTENTION,,,,,"",,,,""
27.006558,FACE_DETECTOR,,,,,"",,INIT,,""
27.007617,ALARM_NO_FACE,,,,,"",,,true,""
27.008431,FACE_ATTENTION,,,,,"",,,,""
27.044704,FACE_DETECTOR,,,,,"",,INIT,,""
27.045388,ALARM_NO_FACE,,,,,"",,,true,""
27.045842,FACE_ATTENTION,,,,,"",,,,""
27.081912,FACE_DETECTOR,,,,,"",,INIT,,""
27.082864,ALARM_NO_FACE,,,,,"",,,true,""
27.083461,FACE_ATTENTION,,,,,"",,,,""
27.119311,FACE_DETECTOR,,,,,"",,INIT,,""
27.120259,ALARM_NO_FACE,,,,,"",,,true,""
27.120923,FACE_ATTENTION,,,,,"",,,,""
27.161514,FACE_DETECTOR,,,,,"",,INIT,,""
27.162626,ALARM_NO_FACE,,,,,"",,,true,""
27.163408,FACE_ATTENTION,,,,,"",,,,""
27.204107,FACE_DETECTOR,,,,,"",,INIT,,""
27.20508,ALARM_NO_FACE,,,,,"",,,true,""
27.205756,FACE_ATTENTION,,,,,"",,,,""
27.245672,FACE_DETECTOR,,,,,"",,INIT,,""
27.246708,ALARM_NO_FACE,,,,,"",,,true,""
27.247499,FACE_ATTENTION,,,,,"",,,,""
27.291462,FACE_DETECTOR,,,,,"",,INIT,,""
27.292349,ALARM_NO_FACE,,,,,"",,,true,""
27.293009,FACE_ATTENTION,,,,,"",,,,""
27.336552,FACE_DETECTOR,,,,,"",,INIT,,""
27.337669,ALARM_NO_FACE,,,,,"",,,true,""
27.338603,FACE_ATTENTION,,,,,"",,,,""
27.380047,FACE_DETECTOR,,,,,"",,INIT,,""
27.381235,ALARM_NO_FACE,,,,,"",,,true,""
27.382054,FACE_ATTENTION,,,,,"",,,,""
27.422235,FACE_DETECTOR,,,,,"",,INIT,,""
27.423193,ALARM_NO_FACE,,,,,"",,,true,""
27.42388,FACE_ATTENTION,,,,,"",,,,""
27.477554,FACE_DETECTOR,,,,,"",,INIT,,""
27.478529,ALARM_NO_FACE,,,,,"",,,true,""
27.479136,FACE_ATTENTION,,,,,"",,,,""
27.479937,DATA_AGGREGATOR,,,,,"",,,,""
27.515731,FACE_DETECTOR,,,,,"",,INIT,,""
27.516494,ALARM_NO_FACE,,,,,"",,,true,""
27.517115,FACE_ATTENTION,,,,,"",,,,""
27.551574,FACE_DETECTOR,,,,,"",,INIT,,""
27.552513,ALARM_NO_FACE,,,,,"",,,true,""
27.553192,FACE_ATTENTION,,,,,"",,,,""
27.592389,FACE_DETECTOR,,,,,"",,INIT,,""
27.593268,ALARM_NO_FACE,,,,,"",,,true,""
27.593881,FACE_ATTENTION,,,,,"",,,,""
27.629812,FACE_DETECTOR,,,,,"",,INIT,,""
27.630723,ALARM_NO_FACE,,,,,"",,,true,""
27.631372,FACE_ATTENTION,,,,,"",,,,""
27.689417,FACE_DETECTOR,,,,,"",,INIT,,""
27.690404,ALARM_NO_FACE,,,,,"",,,true,""
27.690951,FACE_ATTENTION,,,,,"",,,,""
27.736694,FACE_DETECTOR,,,,,"",,INIT,,""
27.737645,ALARM_NO_FACE,,,,,"",,,true,""
27.738305,FACE_ATTENTION,,,,,"",,,,""
27.777945,FACE_DETECTOR,,,,,"",,INIT,,""
27.777945,ALARM_NO_FACE,,,,,"",,,true,""
27.778269,FACE_ATTENTION,,,,,"",,,,""
27.813082,FACE_DETECTOR,,,,,"",,INIT,,""
27.81385,ALARM_NO_FACE,,,,,"",,,true,""
27.814389,FACE_ATTENTION,,,,,"",,,,""
27.850309,FACE_DETECTOR,,,,,"",,INIT,,""
27.851273,ALARM_NO_FACE,,,,,"",,,true,""
27.852138,FACE_ATTENTION,,,,,"",,,,""
27.890519,FACE_DETECTOR,,,,,"",,INIT,,""
27.891268,ALARM_NO_FACE,,,,,"",,,true,""
27.891923,FACE_ATTENTION,,,,,"",,,,""
27.925057,FACE_DETECTOR,,,,,"",,INIT,,""
27.925836,ALARM_NO_FACE,,,,,"",,,true,""
27.926339,FACE_ATTENTION,,,,,"",,,,""
27.963711,FACE_DETECTOR,,,,,"",,INIT,,""
27.964532,ALARM_NO_FACE,,,,,"",,,true,""
27.965101,FACE_ATTENTION,,,,,"",,,,""
28.005128,FACE_DETECTOR,,,,,"",,INIT,,""
28.006143,ALARM_NO_FACE,,,,,"",,,true,""
28.006825,FACE_ATTENTION,,,,,"",,,,""
28.046416,FACE_DETECTOR,,,,,"",,INIT,,""
28.047411,ALARM_NO_FACE,,,,,"",,,true,""
28.048083,FACE_ATTENTION,,,,,"",,,,""
28.08752,FACE_DETECTOR,,,,,"",,INIT,,""
28.088446,ALARM_NO_FACE,,,,,"",,,true,""
28.089076,FACE_ATTENTION,,,,,"",,,,""
28.129809,FACE_DETECTOR,,,,,"",,INIT,,""
28.130711,ALARM_NO_FACE,,,,,"",,,true,""
28.131309,FACE_ATTENTION,,,,,"",,,,""
28.168774,FACE_DETECTOR,,,,,"",,INIT,,""
28.169672,ALARM_NO_FACE,,,,,"",,,true,""
28.170183,FACE_ATTENTION,,,,,"",,,,""
28.205847,FACE_DETECTOR,,,,,"",,INIT,,""
28.206626,ALARM_NO_FACE,,,,,"",,,true,""
28.207304,FACE_ATTENTION,,,,,"",,,,""
28.243974,FACE_DETECTOR,,,,,"",,INIT,,""
28.244724,ALARM_NO_FACE,,,,,"",,,true,""
28.245207,FACE_ATTENTION,,,,,"",,,,""
28.281171,FACE_DETECTOR,,,,,"",,INIT,,""
28.281982,ALARM_NO_FACE,,,,,"",,,true,""
28.282514,FACE_ATTENTION,,,,,"",,,,""
28.321246,FACE_DETECTOR,,,,,"",,INIT,,""
28.322201,ALARM_NO_FACE,,,,,"",,,true,""
28.322846,FACE_ATTENTION,,,,,"",,,,""
28.361879,FACE_DETECTOR,,,,,"",,INIT,,""
28.3627,ALARM_NO_FACE,,,,,"",,,true,""
28.36323,FACE_ATTENTION,,,,,"",,,,""
28.405228,FACE_DETECTOR,,,,,"",,INIT,,""
28.405968,ALARM_NO_FACE,,,,,"",,,true,""
28.406445,FACE_ATTENTION,,,,,"",,,,""
28.440794,FACE_DETECTOR,,,,,"",,INIT,,""
28.44165,ALARM_NO_FACE,,,,,"",,,true,""
28.442234,FACE_ATTENTION,,,,,"",,,,""
28.442999,DATA_AGGREGATOR,,,,,"",,,,""
28.484106,FACE_DETECTOR,,,,,"",,INIT,,""
28.484899,ALARM_NO_FACE,,,,,"",,,true,""
28.485425,FACE_ATTENTION,,,,,"",,,,""
28.519301,FACE_DETECTOR,,,,,"",,INIT,,""
28.52007,ALARM_NO_FACE,,,,,"",,,true,""
28.520604,FACE_ATTENTION,,,,,"",,,,""
28.557669,FACE_DETECTOR,,,,,"",,INIT,,""
28.558646,ALARM_NO_FACE,,,,,"",,,true,""
28.559261,FACE_ATTENTION,,,,,"",,,,""
28.600396,FACE_DETECTOR,,,,,"",,INIT,,""
28.601161,ALARM_NO_FACE,,,,,"",,,true,""
28.601652,FACE_ATTENTION,,,,,"",,,,""
28.639914,FACE_DETECTOR,,,,,"",,INIT,,""
28.640829,ALARM_NO_FACE,,,,,"",,,true,""
28.641478,FACE_ATTENTION,,,,,"",,,,""
28.680873,FACE_DETECTOR,,,,,"",,INIT,,""
28.681608,ALARM_NO_FACE,,,,,"",,,true,""
28.682073,FACE_ATTENTION,,,,,"",,,,""
28.719294,FACE_DETECTOR,,,,,"",,INIT,,""
28.720118,ALARM_NO_FACE,,,,,"",,,true,""
28.720661,FACE_ATTENTION,,,,,"",,,,""
28.758395,FACE_DETECTOR,,,,,"",,INIT,,""
28.759325,ALARM_NO_FACE,,,,,"",,,true,""
28.760007,FACE_ATTENTION,,,,,"",,,,""
28.8,FACE_DETECTOR,,,,,"",,INIT,,""
28.8,ALARM_NO_FACE,,,,,"",,,true,""
28.8,FACE_ATTENTION,,,,,"",,,,""
28.8,FACE_DETECTOR,,,,,"",,INIT,,""
28.8,ALARM_NO_FACE,,,,,"",,,true,""
28.8,FACE_ATTENTION,,,,,"",,,,""

Device Information:
Browser: Mozilla/5.0 (Linux; Android 10; K) AppleWebKit/537.36 (KHTML, like Gecko) Chrome/129.0.0.0 Mobile Safari/537.36
Platform: Linux armv81
Date (Warsaw Time): 2 October 2024 at 13:37:05